Date,Message / Caption,Media URLs,Link
2026-09-21 16:30,"ديركشن - أسود ✨

تميّزي مع شنطة كتف مصممة بزوايا منحوتة لتستقر بأناقة أسفل الذراع عند ارتدائها على الكتف. تجمع بين الراحة والأناقة مع مقبض معدني جزئي مصنوع من سلاسل ذهبية مثبتة بحلقات جانبية. يزينها شعار العلامة في الأمام، بينما يتيح الحزام القابل للفصل ارتداؤها كشنطة كروس بادي لتمنحك إطلالة متعددة الاستخدامات.

▫️ السعر: 250 ر.س
▫️ للطلب والاستفسار: تواصلوا معنا عبر الرسائل الخاصة (DM) 📩

#حقائب_نسائية #شنط #أناقة #NorahAlZahrani #موضة","https://d1q03ajwgi7cv2.cloudfront.net/media/catalog/product//cache/7979606d890c211479dc7a080f45fccc/d/u/du-direction-0022509700036484_front.jpg, https://d1q03ajwgi7cv2.cloudfront.net/media/catalog/product//d/u/du-direction-0022509700036484_back.jpg, https://d1q03ajwgi7cv2.cloudfront.net/media/catalog/product//d/u/du-direction-0022509700036484_detail.jpg, https://d1q03ajwgi7cv2.cloudfront.net/media/catalog/product//d/u/du-direction-0022509700036484_model.jpg",
2026-09-21 19:15,"ديليبيريت – ميتاليك ✨

تتميز هذه الحقيبة بتصميم منسوج يدوي يعكس الحرفية المميزة للعلامة، مع شكل عصري وكلاسيكي في الوقت نفسه. متوفرة بلون أسود لامع وبني غني، ويمنحها الملمس الفاخر حركة وأناقة في المظهر. تكتمل بقفل مغناطيسي يحمل شعار الماركة، مع حزام طويل قابل للتعديل لأسلوب عملي يتيح لك حرية الحركة.

▫️ السعر: 320 ر.س
▫️ للطلب والاستفسار: تواصلوا معنا عبر الرسائل الخاصة (DM) 📩

#حقائب_نسائية #شنط #أناقة #NorahAlZahrani #موضة","https://d1q03ajwgi7cv2.cloudfront.net/media/catalog/product//cache/7979606d890c211479dc7a080f45fccc/d/u/du-deliberate-0019511200004310_front.jpg, https://d1q03ajwgi7cv2.cloudfront.net/media/catalog/product//d/u/du-deliberate-0019511200004310_detail.jpg, https://d1q03ajwgi7cv2.cloudfront.net/media/catalog/product//d/u/du-deliberate-0019511200004310_back.jpg, https://d1q03ajwgi7cv2.cloudfront.net/media/catalog/product//d/u/du-deliberate-0019511200004310_model.jpg, https://d1q03ajwgi7cv2.cloudfront.net/media/catalog/product//d/u/du-deliberate-0019511200004310_top.jpg",
2026-09-21 21:45,"دايريكشن – أبيض ✨

يجمع هذا التصميم الهندسي بين الراحة والاناقة، حيث تم تطويره ليبقى تحت الذراع عند ارتدائه على الكتف. تاتي الحمالة جزئيا بسلسلة تجمع بين خامات متناسقة ومثبتة بحلقات جانبية، مما يحقق توازنا بين الاسلوب العصري والعملية. يبرز شعار العلامة في الامام، بينما توفر الحمالة القابلة للفصل خيار حمل كروس يضيف مرونة اكبر لاستخدام الحقيبة.

▫️ السعر: 220 ر.س
▫️ للطلب والاستفسار: تواصلوا معنا عبر الرسائل الخاصة (DM) 📩

#حقائب_نسائية #شنط #أناقة #NorahAlZahrani #موضة","https://d1q03ajwgi7cv2.cloudfront.net/media/catalog/product//cache/7979606d890c211479dc7a080f45fccc/d/u/du-direction-0022509700036860_front_1.jpg, https://d1q03ajwgi7cv2.cloudfront.net/media/catalog/product//d/u/du-direction-0022509700036860_back_1.jpg, https://d1q03ajwgi7cv2.cloudfront.net/media/catalog/product//d/u/du-direction-0022509700036860_detail_1.jpg",
2026-09-22 16:30,"دوري - أسود ✨

تألقي مع شنطة دوري بتصميم مربّع أنيق، تتميز بواجهة مزخرفة مع قماش متباين يضفي لمسة عصرية. تأتي مزودة بحزام كروس قابل للفك لتعددية في الحمل، مع مقبضين مزدوجين وإكسسوارات باللون الذهبي تضيف لمسة فاخرة. تحتوي على عدة أقسام داخلية وشعار ديون لندن المميز، ما يجعلها مثالية للعمل والمشاوير اليومية.

▫️ السعر: 320 ر.س
▫️ للطلب والاستفسار: تواصلوا معنا عبر الرسائل الخاصة (DM) 📩

#حقائب_نسائية #شنط #أناقة #NorahAlZahrani #موضة","https://d1q03ajwgi7cv2.cloudfront.net/media/catalog/product//cache/7979606d890c211479dc7a080f45fccc/d/u/du-dorryp-0019500110006046_front.jpg, https://d1q03ajwgi7cv2.cloudfront.net/media/catalog/product//d/u/du-dorryp-0019500110006046_detail.jpg, https://d1q03ajwgi7cv2.cloudfront.net/media/catalog/product//d/u/du-dorryp-0019500110006046_side.jpg, https://d1q03ajwgi7cv2.cloudfront.net/media/catalog/product//d/u/du-dorryp-0019500110006046_top.jpg",
2026-09-22 19:15,"داليا - أسود ✨

أضف لمسة فاخرة إلى أسلوبك اليومي مع شنطة دارا من ديون لندن. تأتي بجيب رئيسي واسع مع غطاء علوي أنيق، وتزينها زهرة أمامية معدنية وتفاصيل ذهبية لامعة تمنحك إطلالة راقية متكاملة.

▫️ السعر: 250 ر.س
▫️ للطلب والاستفسار: تواصلوا معنا عبر الرسائل الخاصة (DM) 📩

#حقائب_نسائية #شنط #أناقة #NorahAlZahrani #موضة","https://d1q03ajwgi7cv2.cloudfront.net/media/catalog/product//cache/7979606d890c211479dc7a080f45fccc/d/u/du-dalia-0022500110032052_front.jpg, https://d1q03ajwgi7cv2.cloudfront.net/media/catalog/product//d/u/du-dalia-0022500110032052_back.jpg, https://d1q03ajwgi7cv2.cloudfront.net/media/catalog/product//d/u/du-dalia-0022500110032052_detail.jpg",
2026-09-22 21:45,"ديليبيريت إل – بيج فاتح ✨

تعكس حقيبة ديليبريت التزامنا بالتصميم المدروس والحرفية العالية. تتميز بتصميم منسوج يدوي يحمل بصمة العلامة، مع شكل عصري وكلاسيكي في الوقت نفسه، ومحدث بألوان الموسم الرائجة. مصنوعة من خامات فاخرة، ويمنحها الملمس المنسوج لمسة راقية. تكتمل بقفل يحمل شعار الماركة، مع حمالة قابلة للتعديل لأسلوب عملي يتيح حرية الحركة.

▫️ السعر: 350 ر.س
▫️ للطلب والاستفسار: تواصلوا معنا عبر الرسائل الخاصة (DM) 📩

#حقائب_نسائية #شنط #أناقة #NorahAlZahrani #موضة","https://d1q03ajwgi7cv2.cloudfront.net/media/catalog/product//cache/7979606d890c211479dc7a080f45fccc/d/u/du-deliberatel-0019511200009433_front.jpg, https://d1q03ajwgi7cv2.cloudfront.net/media/catalog/product//d/u/du-deliberatel-0019511200009433_detail.jpg, https://d1q03ajwgi7cv2.cloudfront.net/media/catalog/product//d/u/du-deliberatel-0019511200009433_back.jpg, https://d1q03ajwgi7cv2.cloudfront.net/media/catalog/product//d/u/du-deliberatel-0019511200009433_model.jpg, https://d1q03ajwgi7cv2.cloudfront.net/media/catalog/product//d/u/du-deliberatel-0019511200009433_top.jpg, https://d1q03ajwgi7cv2.cloudfront.net/media/catalog/product//w/e/web_-_banner_1920_750_px.jpg",
2026-09-23 16:30,"ديليبيرت إل أسود ✨

تعكس حقيبة ""ديليبريت"" التزامنا بالتصميم المتقن والاستثنائي. مصنوعة بتقنية النسيج الحرفي المميزة، وتتميز بتصميم عصري خالد تم تحديثه بألوان الموسم الرائجة. تمنحها الخامة المنسوجة يدوياً لمسة فاخرة، وتكتمل بقفل يحمل الشعار، مع حزام قابل للتعديل لتنسيق سهل ومريح.

▫️ السعر: 350 ر.س
▫️ للطلب والاستفسار: تواصلوا معنا عبر الرسائل الخاصة (DM) 📩

#حقائب_نسائية #شنط #أناقة #NorahAlZahrani #موضة","https://d1q03ajwgi7cv2.cloudfront.net/media/catalog/product//cache/7979606d890c211479dc7a080f45fccc/d/u/du-deliberatel-0019511200009028_front.jpg, https://d1q03ajwgi7cv2.cloudfront.net/media/catalog/product//d/u/du-deliberatel-0019511200009028_back.jpg, https://d1q03ajwgi7cv2.cloudfront.net/media/catalog/product//d/u/du-deliberatel-0019511200009028_detail.jpg, https://d1q03ajwgi7cv2.cloudfront.net/media/catalog/product//d/u/du-deliberatel-0019511200009028_top.jpg",
2026-09-23 19:15,"دارلا – أبيض ✨

تقدم حقيبة دارلا أسلوباً راقياً يعبر عن فخامة بسيطة ولمسة أنيقة. تم تصنيعها من جلد ناعم يمنح إطلالة فاخرة، ويتميز تصميمها بمقبض علوي دائري من الراتنج مع تفاصيل معدنية باللون الذهبي. توفر الحمالة القابلة للإزالة والتعديل خيار حمل كروس أو على الكتف لمرونة أكبر في الاستخدام. وتعد دارلا خياراً مثالياً للمرأة العصرية التي تبحث عن حقيبة تجمع بين الأناقة والعملية.

▫️ السعر: 250 ر.س
▫️ للطلب والاستفسار: تواصلوا معنا عبر الرسائل الخاصة (DM) 📩

#حقائب_نسائية #شنط #أناقة #NorahAlZahrani #موضة","https://d1q03ajwgi7cv2.cloudfront.net/media/catalog/product//cache/7979606d890c211479dc7a080f45fccc/d/u/du-dharla-0022509700038487_front_1.jpg, https://d1q03ajwgi7cv2.cloudfront.net/media/catalog/product//d/u/du-dharla-0022509700038487_back_1.jpg, https://d1q03ajwgi7cv2.cloudfront.net/media/catalog/product//d/u/du-dharla-0022509700038487_detail_1.jpg",
2026-09-23 21:45,"ديركشن - بيج فاتح ✨

تميّزي مع شنطة كتف مصممة بزوايا منحوتة لتستقر بأناقة أسفل الذراع عند ارتدائها على الكتف. تجمع بين الراحة والأناقة مع مقبض معدني جزئي مصنوع من سلاسل ذهبية مثبتة بحلقات جانبية. يزينها شعار العلامة في الأمام، بينما يتيح الحزام القابل للفصل ارتداؤها كشنطة كروس بادي لتمنحك إطلالة متعددة الاستخدامات.

▫️ السعر: 270 ر.س
▫️ للطلب والاستفسار: تواصلوا معنا عبر الرسائل الخاصة (DM) 📩

#حقائب_نسائية #شنط #أناقة #NorahAlZahrani #موضة","https://d1q03ajwgi7cv2.cloudfront.net/media/catalog/product//cache/7979606d890c211479dc7a080f45fccc/d/u/du-direction-0022509700036736_front.jpg, https://d1q03ajwgi7cv2.cloudfront.net/media/catalog/product//d/u/du-direction-0022509700036736_back.jpg, https://d1q03ajwgi7cv2.cloudfront.net/media/catalog/product//d/u/du-direction-0022509700036736_detail.jpg",
2026-09-24 16:30,"دينكي ديليبيرت أسود ✨

هذا الإصدار الأصغر من حقيبة ""ديليبريت"" المنسوجة الأيقونية يتميز بقفل مغناطيسي يحمل شعار العلامة، بالإضافة إلى محفظة بسحاب تحمل الشعار أيضاً لتخزين منظم. الحزام القابل للفصل والقدرة على تحويلها من حقيبة يد إلى حقيبة كروس يضيفان لمسة عملية على هذا التصميم الأنيق.

▫️ السعر: 300 ر.س
▫️ للطلب والاستفسار: تواصلوا معنا عبر الرسائل الخاصة (DM) 📩

#حقائب_نسائية #شنط #أناقة #NorahAlZahrani #موضة","https://d1q03ajwgi7cv2.cloudfront.net/media/catalog/product//cache/7979606d890c211479dc7a080f45fccc/d/u/du-dinkydeliberate-0024511200006028_front.jpg, https://d1q03ajwgi7cv2.cloudfront.net/media/catalog/product//d/u/du-dinkydeliberate-0024511200006028_back.jpg, https://d1q03ajwgi7cv2.cloudfront.net/media/catalog/product//d/u/du-dinkydeliberate-0024511200006028_detail.jpg, https://d1q03ajwgi7cv2.cloudfront.net/media/catalog/product//d/u/du-dinkydeliberate-0024511200006028_top.jpg",
2026-09-24 19:15,"دينكيديفاين - أسود ✨

جددي مجموعة الإكسسوارات الخاصة بك مع شنطة داثرين المصنوعة من القش الطبيعي. تتميز بتصميم فريد مع غطاء علوي قابل للطي بلون متباين ومقبض يدوي أنيق. تكتمل الشنطة بتفاصيل معدنية ذهبية ولمسات شعارية تضيف لمسة فاخرة. مثالية لإطلالات النهار الصيفية الراقية.

▫️ السعر: 270 ر.س
▫️ للطلب والاستفسار: تواصلوا معنا عبر الرسائل الخاصة (DM) 📩

#حقائب_نسائية #شنط #أناقة #NorahAlZahrani #موضة","https://d1q03ajwgi7cv2.cloudfront.net/media/catalog/product//cache/7979606d890c211479dc7a080f45fccc/d/u/du-dinkydefine-0024500110054484_front.jpg, https://d1q03ajwgi7cv2.cloudfront.net/media/catalog/product//d/u/du-dinkydefine-0024500110054484_back.jpg, https://d1q03ajwgi7cv2.cloudfront.net/media/catalog/product//d/u/du-dinkydefine-0024500110054484_detail.jpg, https://d1q03ajwgi7cv2.cloudfront.net/media/catalog/product//d/u/du-dinkydefine-0024500110054484_side.jpg",
2026-09-24 21:45,"دوري برغندي ✨

تتميز حقيبة ""دوري"" بتصميمها المربّع وخامتها المزخرفة مع قماش متباين يضفي لمسة أنيقة. تأتي مع حزام كروس قابل للفصل لخيارات حمل متعددة، ومقابض مزدوجة ولمسات معدنية ذهبية تعزز من أناقتها. وتكتمل بتفاصيل داخلية متعددة وشعار ديون لندن المميز، مما يجعلها مثالية لأيام العمل والمناسبات اليومية.

▫️ السعر: 320 ر.س
▫️ للطلب والاستفسار: تواصلوا معنا عبر الرسائل الخاصة (DM) 📩

#حقائب_نسائية #شنط #أناقة #NorahAlZahrani #موضة","https://d1q03ajwgi7cv2.cloudfront.net/media/catalog/product//cache/7979606d890c211479dc7a080f45fccc/d/u/du-dorry-0019500110006271_front.jpg, https://d1q03ajwgi7cv2.cloudfront.net/media/catalog/product//d/o/dorry-0019500110006271_model.jpg, https://d1q03ajwgi7cv2.cloudfront.net/media/catalog/product//d/u/du-dorry-0019500110006271_back.jpg, https://d1q03ajwgi7cv2.cloudfront.net/media/catalog/product//d/u/du-dorry-0019500110006271_detail.jpg, https://d1q03ajwgi7cv2.cloudfront.net/media/catalog/product//d/u/du-dorry-0019500110006271_top.jpg",
2026-09-25 16:30,"دينكيديفاين - تان ✨

جددي مجموعة الإكسسوارات الخاصة بك مع شنطة داثرين المصنوعة من القش الطبيعي. تتميز بتصميم فريد مع غطاء علوي قابل للطي بلون متباين ومقبض يدوي أنيق. تكتمل الشنطة بتفاصيل معدنية ذهبية ولمسات شعارية تضيف لمسة فاخرة. مثالية لإطلالات النهار الصيفية الراقية.

▫️ السعر: 270 ر.س
▫️ للطلب والاستفسار: تواصلوا معنا عبر الرسائل الخاصة (DM) 📩

#حقائب_نسائية #شنط #أناقة #NorahAlZahrani #موضة","https://d1q03ajwgi7cv2.cloudfront.net/media/catalog/product//cache/7979606d890c211479dc7a080f45fccc/d/u/du-dinkydefine-0024500110054350_front.jpg, https://d1q03ajwgi7cv2.cloudfront.net/media/catalog/product//d/u/du-dinkydefine-0024500110054350_back.jpg, https://d1q03ajwgi7cv2.cloudfront.net/media/catalog/product//d/u/du-dinkydefine-0024500110054350_detail.jpg, https://d1q03ajwgi7cv2.cloudfront.net/media/catalog/product//d/u/du-dinkydefine-0024500110054350_side.jpg",
2026-09-25 19:15,"دينكي ديليبيريت – بني ✨

نسخة أصغر من حقيبة ديليبريت المنسوجة الأيقونية، تتميز بقفل مغناطيسي يحمل شعار الماركة، مع حقيبة داخلية إضافية بسحاب لتنظيم الأغراض. يتيح الحزام القابل للإزالة تحويلها من حقيبة يد إلى حقيبة بحمالة طويلة ، لتجمع بين الأناقة والعملية في تصميم واحد أنيق.

▫️ السعر: 270 ر.س
▫️ للطلب والاستفسار: تواصلوا معنا عبر الرسائل الخاصة (DM) 📩

#حقائب_نسائية #شنط #أناقة #NorahAlZahrani #موضة","https://d1q03ajwgi7cv2.cloudfront.net/media/catalog/product//cache/7979606d890c211479dc7a080f45fccc/d/u/du-dinkydeliberate-0024511200006351_front.jpg, https://d1q03ajwgi7cv2.cloudfront.net/media/catalog/product//d/u/du-dinkydeliberate-0024511200006351_detail.jpg, https://d1q03ajwgi7cv2.cloudfront.net/media/catalog/product//d/u/du-dinkydeliberate-0024511200006351_back.jpg, https://d1q03ajwgi7cv2.cloudfront.net/media/catalog/product//d/u/du-dinkydeliberate-0024511200006351_side.jpg, https://d1q03ajwgi7cv2.cloudfront.net/media/catalog/product//d/u/du-dinkydeliberate-0024511200006351_top.jpg",
2026-09-25 21:45,"ديليبيريت – بني ✨

تتميز هذه الحقيبة بتصميم منسوج يدوي يعكس الحرفية المميزة للعلامة، مع شكل عصري وكلاسيكي في الوقت نفسه. متوفرة بلون أسود لامع وبني غني، ويمنحها الملمس الفاخر حركة وأناقة في المظهر. تكتمل بقفل مغناطيسي يحمل شعار الماركة، مع حزام طويل قابل للتعديل لأسلوب عملي يتيح لك حرية الحركة.

▫️ السعر: 270 ر.س
▫️ للطلب والاستفسار: تواصلوا معنا عبر الرسائل الخاصة (DM) 📩

#حقائب_نسائية #شنط #أناقة #NorahAlZahrani #موضة","https://d1q03ajwgi7cv2.cloudfront.net/media/catalog/product//cache/7979606d890c211479dc7a080f45fccc/d/u/du-deliberate-0019511200004351_front.jpg, https://d1q03ajwgi7cv2.cloudfront.net/media/catalog/product//d/u/du-deliberate-0019511200004351_detail.jpg, https://d1q03ajwgi7cv2.cloudfront.net/media/catalog/product//d/u/du-deliberate-0019511200004351_back.jpg, https://d1q03ajwgi7cv2.cloudfront.net/media/catalog/product//d/u/du-deliberate-0019511200004351_model.jpg, https://d1q03ajwgi7cv2.cloudfront.net/media/catalog/product//d/u/du-deliberate-0019511200004351_top.jpg",
2026-09-26 16:30,"دارلا – بني ✨

تقدم حقيبة دارلا أسلوباً راقياً يعبر عن فخامة بسيطة ولمسة أنيقة. تم تصنيعها من جلد ناعم يمنح إطلالة فاخرة، ويتميز تصميمها بمقبض علوي دائري من الراتنج مع تفاصيل معدنية باللون الذهبي. توفر الحمالة القابلة للإزالة والتعديل خيار حمل كروس أو على الكتف لمرونة أكبر في الاستخدام. وتعد دارلا خياراً مثالياً للمرأة العصرية التي تبحث عن حقيبة تجمع بين الأناقة والعملية.

▫️ السعر: 300 ر.س
▫️ للطلب والاستفسار: تواصلوا معنا عبر الرسائل الخاصة (DM) 📩

#حقائب_نسائية #شنط #أناقة #NorahAlZahrani #موضة","https://d1q03ajwgi7cv2.cloudfront.net/media/catalog/product//cache/7979606d890c211479dc7a080f45fccc/d/u/du-dharla-0022509700038509_front_1.jpg, https://d1q03ajwgi7cv2.cloudfront.net/media/catalog/product//d/u/du-dharla-0022509700038509_back_1.jpg, https://d1q03ajwgi7cv2.cloudfront.net/media/catalog/product//d/u/du-dharla-0022509700038509_detail_1.jpg, https://d1q03ajwgi7cv2.cloudfront.net/media/catalog/product//d/u/du-dharla-0022509700038509_model_1.jpg",
2026-09-26 19:15,"دارلا – تاوب ✨

تقدم حقيبة دارلا أسلوباً راقياً يعبر عن فخامة بسيطة ولمسة أنيقة. تم تصنيعها من جلد ناعم يمنح إطلالة فاخرة، ويتميز تصميمها بمقبض علوي دائري من الراتنج مع تفاصيل معدنية باللون الذهبي. توفر الحمالة القابلة للإزالة والتعديل خيار حمل كروس أو على الكتف لمرونة أكبر في الاستخدام. وتعد دارلا خياراً مثالياً للمرأة العصرية التي تبحث عن حقيبة تجمع بين الأناقة والعملية.

▫️ السعر: 300 ر.س
▫️ للطلب والاستفسار: تواصلوا معنا عبر الرسائل الخاصة (DM) 📩

#حقائب_نسائية #شنط #أناقة #NorahAlZahrani #موضة","https://d1q03ajwgi7cv2.cloudfront.net/media/catalog/product//cache/7979606d890c211479dc7a080f45fccc/d/u/du-dharla-0022509700038149_front_1.jpg, https://d1q03ajwgi7cv2.cloudfront.net/media/catalog/product//d/u/du-dharla-0022509700038149_back_1.jpg, https://d1q03ajwgi7cv2.cloudfront.net/media/catalog/product//d/u/du-dharla-0022509700038149_detail_1.jpg",
2026-09-26 21:45,"ديركشن - رمادي فاتح ✨

تميّزي مع شنطة كتف مصممة بزوايا منحوتة لتستقر بأناقة أسفل الذراع عند ارتدائها على الكتف. تجمع بين الراحة والأناقة مع مقبض معدني جزئي مصنوع من سلاسل ذهبية مثبتة بحلقات جانبية. يزينها شعار العلامة في الأمام، بينما يتيح الحزام القابل للفصل ارتداؤها كشنطة كروس بادي لتمنحك إطلالة متعددة الاستخدامات.

▫️ السعر: 220 ر.س
▫️ للطلب والاستفسار: تواصلوا معنا عبر الرسائل الخاصة (DM) 📩

#حقائب_نسائية #شنط #أناقة #NorahAlZahrani #موضة","https://d1q03ajwgi7cv2.cloudfront.net/media/catalog/product//cache/7979606d890c211479dc7a080f45fccc/d/u/du-direction-0022509700036149_front.jpg, https://d1q03ajwgi7cv2.cloudfront.net/media/catalog/product//d/u/du-direction-0022509700036149_back.jpg, https://d1q03ajwgi7cv2.cloudfront.net/media/catalog/product//d/u/du-direction-0022509700036149_detail.jpg",
2026-09-27 16:30,"سيليكشن - مرجاني ✨

تم تصميم هذه الحقيبة الميني ذات الشكل الزاوي المنحوت لتحمل بسهولة تحت الذراع عند ارتدائها على الكتف. تجمع بين الراحة والأناقة مع مقبض سلسلة جزئي مصنوع من حلقات ذهبية فاخرة مثبتة بحلقات جانبية. وتتميز بشعار العلامة في الأمام مع حزام كتف قابل للفصل لتحويلها إلى حقيبة كروس بادي متعددة الاستخدامات.

▫️ السعر: 170 ر.س
▫️ للطلب والاستفسار: تواصلوا معنا عبر الرسائل الخاصة (DM) 📩

#حقائب_نسائية #شنط #أناقة #NorahAlZahrani #موضة","https://d1q03ajwgi7cv2.cloudfront.net/media/catalog/product//cache/7979606d890c211479dc7a080f45fccc/d/u/du-selection-1064509700005219_front.jpg, https://d1q03ajwgi7cv2.cloudfront.net/media/catalog/product//d/u/du-selection-1064509700005219_back.jpg, https://d1q03ajwgi7cv2.cloudfront.net/media/catalog/product//d/u/du-selection-1064509700005219_detail.jpg, https://d1q03ajwgi7cv2.cloudfront.net/media/catalog/product//d/u/du-selection-1064509700005219_side.jpg, https://d1q03ajwgi7cv2.cloudfront.net/media/catalog/product//w/e/web_-_banner_600_750_px_-_2.jpg",
2026-09-27 19:15,"دايركشن – ذهبي ✨

حقيبة بتصميم منحوت وزوايا أنيقة، صُممت لتناسب الحمل تحت الذراع عند ارتدائها على الكتف. يأتي مقبض السلسلة الجزئي بتصميم ذهبي أنيق مثبت بحلقات جانبية، مع شعار الماركة في الواجهة. يتيح الحزام القابل للإزالة ارتداء الحقيبة كحقيبة كتف أو بحزام طويل بأسلوب عملي.

▫️ السعر: 270 ر.س
▫️ للطلب والاستفسار: تواصلوا معنا عبر الرسائل الخاصة (DM) 📩

#حقائب_نسائية #شنط #أناقة #NorahAlZahrani #موضة","https://d1q03ajwgi7cv2.cloudfront.net/media/catalog/product//cache/7979606d890c211479dc7a080f45fccc/d/u/du-direction-0022509700036516_front.jpg, https://d1q03ajwgi7cv2.cloudfront.net/media/catalog/product//d/u/du-direction-0022509700036516_detail.jpg, https://d1q03ajwgi7cv2.cloudfront.net/media/catalog/product//d/u/du-direction-0022509700036516_back.jpg, https://d1q03ajwgi7cv2.cloudfront.net/media/catalog/product//d/u/du-direction-0022509700036516_side.jpg, https://d1q03ajwgi7cv2.cloudfront.net/media/catalog/product//d/u/du-direction-0022509700036516_top.jpg",
2026-09-27 21:45,"ديبند – أسود ✨

تقدم حقيبة ديبند مجموعة من الاقسام المصممة بذكاء لتواكب وتيرة يومك طوال الاسبوع. يتم تصنيعها باحتراف من جلد فاخر مع لوحات متباينة الملمس، وتكتمل بلمسات علامة ديون لندن التي تضيف مظهرا راقيا. يوفر الداخل اقساما متوازنة تتسع للجهاز اللوحي والاوراق والاحتياجات اليومية، بينما يمكن تثبيت المقابض العلوية بخفاء من خلال زر صغير. تعتبر ديبند خيارا مثاليا لمن يبحث عن اناقة عملية وسهلة في ايام العمل.

▫️ السعر: 350 ر.س
▫️ للطلب والاستفسار: تواصلوا معنا عبر الرسائل الخاصة (DM) 📩

#حقائب_نسائية #شنط #أناقة #NorahAlZahrani #موضة","https://d1q03ajwgi7cv2.cloudfront.net/media/catalog/product//cache/7979606d890c211479dc7a080f45fccc/d/u/du-depend-0020500110028756_front_1.jpg, https://d1q03ajwgi7cv2.cloudfront.net/media/catalog/product//d/u/du-depend-0020500110028756_back_1.jpg, https://d1q03ajwgi7cv2.cloudfront.net/media/catalog/product//d/u/du-depend-0020500110028756_detail_1.jpg, https://d1q03ajwgi7cv2.cloudfront.net/media/catalog/product//d/u/du-depend-0020500110028756_model_1.jpg",
2026-09-28 16:30,"شو مانس - أسود ✨

صُنعت حقيبة شو مانس من الشمواه الفاخر لتجسد مثالاً للأناقة الهادئة والبساطة الراقية. تم تصميمها لتنتقل بسلاسة من إطلالات النهار إلى المساء، حيث تتميز بقفل دوار ذهبي لامع مع إكسسوارات معدنية متناسقة وتفاصيل شعار ذهبي ناعم في الأمام. ويمنحك مقبض السلسلة الفاخر إمكانية تنسيقها كحقيبة كتف أنيقة أو حملها كحقيبة كلتش راقية للمناسبات والسهرات.

▫️ السعر: 300 ر.س
▫️ للطلب والاستفسار: تواصلوا معنا عبر الرسائل الخاصة (DM) 📩

#حقائب_نسائية #شنط #أناقة #NorahAlZahrani #موضة","https://d1q03ajwgi7cv2.cloudfront.net/media/catalog/product//cache/7979606d890c211479dc7a080f45fccc/d/u/du-showmance-1064500110024802_front.jpg, https://d1q03ajwgi7cv2.cloudfront.net/media/catalog/product//d/u/du-showmance-1064500110024802_back.jpg, https://d1q03ajwgi7cv2.cloudfront.net/media/catalog/product//d/u/du-showmance-1064500110024802_detail.jpg, https://d1q03ajwgi7cv2.cloudfront.net/media/catalog/product//d/u/du-showmance-1064500110024802_side.jpg",
2026-09-28 19:15,"دوري – إيكرو ✨

تتميز حقيبة دوري بتصميم مربع وجزء علوي بنمط يحمل تباينا في الخامات لاضافة لمسة اسلوبية. توفر الحمالة القابلة للفصل خيارات استخدام متعددة بينما تضيف المقابض العلوية المزدوجة والتفاصيل المعدنية باللون الذهبي مظهرا انيقا. تحتوي على جيوب داخلية متعددة مع تفاصيل علامة ديون لندن مما يجعلها مناسبة لايام العمل والاستخدام اليومي.

▫️ السعر: 320 ر.س
▫️ للطلب والاستفسار: تواصلوا معنا عبر الرسائل الخاصة (DM) 📩

#حقائب_نسائية #شنط #أناقة #NorahAlZahrani #موضة","https://d1q03ajwgi7cv2.cloudfront.net/media/catalog/product//cache/7979606d890c211479dc7a080f45fccc/d/u/du-dorry-0019500110006919_front_1.jpg, https://d1q03ajwgi7cv2.cloudfront.net/media/catalog/product//d/u/du-dorry-0019500110006919_back_1.jpg, https://d1q03ajwgi7cv2.cloudfront.net/media/catalog/product//d/u/du-dorry-0019500110006919_detail_1.jpg, https://d1q03ajwgi7cv2.cloudfront.net/media/catalog/product//d/u/du-dorry-0019500110006919_side_1.jpg",
2026-09-28 21:45,"صنرايز - إكرو ✨

حقيبة الهاتف الكروس متعددة الاستخدامات هي المزيج المثالي بين العملية والأناقة خلال شهر رمضان. مصممة لحمل هاتفك وأساسياتك اليومية، بتصميم أنيق وحزام قابل للتعديل لراحة إضافية. مثالية للحركة والتنقل خلال الموسم الاحتفالي، حيث توفر لكِ الراحة دون المساومة على الأناقة.

▫️ السعر: 170 ر.س
▫️ للطلب والاستفسار: تواصلوا معنا عبر الرسائل الخاصة (DM) 📩

#حقائب_نسائية #شنط #أناقة #NorahAlZahrani #موضة","https://d1q03ajwgi7cv2.cloudfront.net/media/catalog/product//cache/7979606d890c211479dc7a080f45fccc/d/u/du-sunrise-1064500110022919_front.jpg, https://d1q03ajwgi7cv2.cloudfront.net/media/catalog/product//d/u/du-sunrise-1064500110022919_detail.jpg, https://d1q03ajwgi7cv2.cloudfront.net/media/catalog/product//d/u/du-sunrise-1064500110022919_side.jpg, https://d1q03ajwgi7cv2.cloudfront.net/media/catalog/product//d/u/du-sunrise-1064500110022919_top.jpg",
2026-09-29 16:30,"دينكي ديليبيريت – أحمر ✨

نسخة أصغر من حقيبة ديليبريت المنسوجة الأيقونية، تتميز بقفل مغناطيسي يحمل شعار الماركة، مع حقيبة داخلية إضافية بسحاب لتنظيم الأغراض. يتيح الحزام القابل للإزالة تحويلها من حقيبة يد إلى حقيبة بحمالة طويلة ، لتجمع بين الأناقة والعملية في تصميم واحد أنيق.

▫️ السعر: 250 ر.س
▫️ للطلب والاستفسار: تواصلوا معنا عبر الرسائل الخاصة (DM) 📩

#حقائب_نسائية #شنط #أناقة #NorahAlZahrani #موضة","https://d1q03ajwgi7cv2.cloudfront.net/media/catalog/product//cache/7979606d890c211479dc7a080f45fccc/d/u/du-dinkydeliberate-0024511200006271_front.jpg, https://d1q03ajwgi7cv2.cloudfront.net/media/catalog/product//d/u/du-dinkydeliberate-0024511200006271_detail.jpg, https://d1q03ajwgi7cv2.cloudfront.net/media/catalog/product//d/u/du-dinkydeliberate-0024511200006271_back.jpg, https://d1q03ajwgi7cv2.cloudfront.net/media/catalog/product//d/u/du-dinkydeliberate-0024511200006271_model.jpg, https://d1q03ajwgi7cv2.cloudfront.net/media/catalog/product//d/u/du-dinkydeliberate-0024511200006271_top.jpg",
2026-09-29 19:15,"دينكي ديليبيريت – أزرق ✨

نسخة أصغر من حقيبة ديليبريت المنسوجة الأيقونية، تتميز بقفل مغناطيسي يحمل شعار الماركة، مع حقيبة داخلية إضافية بسحاب لتنظيم الأغراض. يتيح الحزام القابل للإزالة تحويلها من حقيبة يد إلى حقيبة بحمالة طويلة ، لتجمع بين الأناقة والعملية في تصميم واحد أنيق.

▫️ السعر: 300 ر.س
▫️ للطلب والاستفسار: تواصلوا معنا عبر الرسائل الخاصة (DM) 📩

#حقائب_نسائية #شنط #أناقة #NorahAlZahrani #موضة","https://d1q03ajwgi7cv2.cloudfront.net/media/catalog/product//cache/7979606d890c211479dc7a080f45fccc/d/u/du-dinkydeliberate-0024511200006189_front.jpg, https://d1q03ajwgi7cv2.cloudfront.net/media/catalog/product//d/u/du-dinkydeliberate-0024511200006189_detail.jpg, https://d1q03ajwgi7cv2.cloudfront.net/media/catalog/product//d/u/du-dinkydeliberate-0024511200006189_back.jpg, https://d1q03ajwgi7cv2.cloudfront.net/media/catalog/product//d/u/du-dinkydeliberate-0024511200006189_side.jpg, https://d1q03ajwgi7cv2.cloudfront.net/media/catalog/product//d/u/du-dinkydeliberate-0024511200006189_top.jpg",
2026-09-29 21:45,"ديبند – تان ✨

تقدم حقيبة ديبند مجموعة من الاقسام المصممة بذكاء لتواكب وتيرة يومك طوال الاسبوع. يتم تصنيعها باحتراف من جلد فاخر مع لوحات متباينة الملمس، وتكتمل بلمسات علامة ديون لندن التي تضيف مظهرا راقيا. يوفر الداخل اقساما متوازنة تتسع للجهاز اللوحي والاوراق والاحتياجات اليومية، بينما يمكن تثبيت المقابض العلوية بخفاء من خلال زر صغير. تعتبر ديبند خيارا مثاليا لمن يبحث عن اناقة عملية وسهلة في ايام العمل.

▫️ السعر: 350 ر.س
▫️ للطلب والاستفسار: تواصلوا معنا عبر الرسائل الخاصة (DM) 📩

#حقائب_نسائية #شنط #أناقة #NorahAlZahrani #موضة","https://d1q03ajwgi7cv2.cloudfront.net/media/catalog/product//cache/7979606d890c211479dc7a080f45fccc/d/u/du-depend-0020500110028351_front_1.jpg, https://d1q03ajwgi7cv2.cloudfront.net/media/catalog/product//d/u/du-depend-0020500110028351_back_1.jpg, https://d1q03ajwgi7cv2.cloudfront.net/media/catalog/product//d/u/du-depend-0020500110028351_detail_1.jpg",
2026-09-30 16:30,"سنرايز – بيج ✨

مصنوعة من خامة فاخرة، تأتي حقيبة صن رايز بتصميم عملي يناسب الانتقال من النهار إلى المساء. تتميز بمشبك أمامي وسحاب آمن مع تفاصيل ذهبية تحمل شعار الماركة. رغم حجمها الصغير، إلا أنها تضيف حضورًا لافتًا وتمنحك لمسة أنيقة عملية.

▫️ السعر: 170 ر.س
▫️ للطلب والاستفسار: تواصلوا معنا عبر الرسائل الخاصة (DM) 📩

#حقائب_نسائية #شنط #أناقة #NorahAlZahrani #موضة","https://d1q03ajwgi7cv2.cloudfront.net/media/catalog/product//cache/7979606d890c211479dc7a080f45fccc/d/u/du-sunrise-1064500110022300_front.jpg, https://d1q03ajwgi7cv2.cloudfront.net/media/catalog/product//d/u/du-sunrise-1064500110022300_detail.jpg, https://d1q03ajwgi7cv2.cloudfront.net/media/catalog/product//d/u/du-sunrise-1064500110022300_back.jpg, https://d1q03ajwgi7cv2.cloudfront.net/media/catalog/product//d/u/du-sunrise-1064500110022300_model.jpg, https://d1q03ajwgi7cv2.cloudfront.net/media/catalog/product//d/u/du-sunrise-1064500110022300_top.jpg",
2026-09-30 19:15,"دايركشن - سيج ✨

تم تصميم هذا الشكل الزاوي المنحوت ليُحمل بسهولة تحت الذراع عند ارتدائه على الكتف. تجمع هذه الحقيبة بين الراحة والأناقة، مع مقبض سلسلة جزئي مصنوع من حلقات ذهبية فاخرة مثبتة بحلقات جانبية أنيقة. وتتميز بشعار العلامة في الأمام، بينما يتيح الحزام القابل للفصل إمكانية ارتدائها كحقيبة كروس بادي، مما يجعلها حقيبة متعددة الاستخدامات تناسب الإطلالات العصرية اليومية والمناسبات.

▫️ السعر: 270 ر.س
▫️ للطلب والاستفسار: تواصلوا معنا عبر الرسائل الخاصة (DM) 📩

#حقائب_نسائية #شنط #أناقة #NorahAlZahrani #موضة","https://d1q03ajwgi7cv2.cloudfront.net/media/catalog/product//cache/7979606d890c211479dc7a080f45fccc/d/u/du-direction-0022509700036404_front.jpg, https://d1q03ajwgi7cv2.cloudfront.net/media/catalog/product//d/u/du-direction-0022509700036404_back.jpg, https://d1q03ajwgi7cv2.cloudfront.net/media/catalog/product//d/u/du-direction-0022509700036404_detail.jpg, https://d1q03ajwgi7cv2.cloudfront.net/media/catalog/product//d/u/du-direction-0022509700036404_side.jpg, https://d1q03ajwgi7cv2.cloudfront.net/media/catalog/product//d/i/direction-0022509700036404_model.jpg",
2026-09-30 21:45,"دينيدليبرات - برغندي ✨

ارتقي بأناقتك مع شنطة دينيدليبرات الصغيرة باللون البرغندي الغني. بتفاصيل منسوجة متقنة ومقبض دائري منحوت يضفي لمسة جريئة وراقية. يفتح الإغلاق المزود بالشعار ليكشف عن محفظة صغيرة بسحاب متناسقة للحفاظ على أساسياتك بأناقة. يكتمل التصميم بحزام كروس قابل للفصل يمنحك تنوعًا في التنسيق بين النهار والمساء. شنطة صغيرة بحضور كبير.

▫️ السعر: 300 ر.س
▫️ للطلب والاستفسار: تواصلوا معنا عبر الرسائل الخاصة (DM) 📩

#حقائب_نسائية #شنط #أناقة #NorahAlZahrani #موضة","https://d1q03ajwgi7cv2.cloudfront.net/media/catalog/product//cache/7979606d890c211479dc7a080f45fccc/d/u/du-dinideliberate-0024511200008271_front.jpg, https://d1q03ajwgi7cv2.cloudfront.net/media/catalog/product//d/u/du-dinideliberate-0024511200008271_back.jpg, https://d1q03ajwgi7cv2.cloudfront.net/media/catalog/product//d/u/du-dinideliberate-0024511200008271_detail.jpg, https://d1q03ajwgi7cv2.cloudfront.net/media/catalog/product//d/u/du-dinideliberate-0024511200008271_model.jpg",
2026-10-01 16:30,"دينيديليبريت - ذهبي ✨

ارتقي بإطلالتك مع شنطة دينيديليبرت الصغيرة المصنوعة من لون برغندي فاخر بتفاصيل منسوجة متقنة. يميزها المقبض الدائري البارز الذي يعكس جرأة وأناقة في آن واحد. يفتح القفل المزخرف ليكشف عن محفظة صغيرة بسحاب منسقة داخليًا لحفظ المستلزمات بأناقة. كما تأتي مع حزام كروس قابل للفصل ليمنحك حرية التنسيق من النهار إلى المساء. تصميم عصري مصقول يثبت أن الشنطة الصغيرة قد تحمل حضورًا كبيرًا.

▫️ السعر: 300 ر.س
▫️ للطلب والاستفسار: تواصلوا معنا عبر الرسائل الخاصة (DM) 📩

#حقائب_نسائية #شنط #أناقة #NorahAlZahrani #موضة","https://d1q03ajwgi7cv2.cloudfront.net/media/catalog/product//cache/7979606d890c211479dc7a080f45fccc/d/u/du-dinideliberate-0024511200008433_front.jpg, https://d1q03ajwgi7cv2.cloudfront.net/media/catalog/product//d/u/du-dinideliberate-0024511200008433_back.jpg, https://d1q03ajwgi7cv2.cloudfront.net/media/catalog/product//d/u/du-dinideliberate-0024511200008433_detail.jpg",
2026-10-01 19:15,"ديلي - أسود ✨

اختاري حقيبة ديلي بتصميم مسكة يد أنيق ولمسة فاخرة. تتميز بسطح محكم وإكسسوارات ذهبية راقية مع شعار مزدوج متداخل بتصميم حصري. يوفر قفل السحاب الآمن حماية لمقتنياتك الأساسية، بينما يمنحك المقبض القوي وحزام الكروس بادي القابل للتعديل خيارات حمل متعددة ومريحة تناسب جميع خططك اليومية. قطعة كلاسيكية خالدة يمكن تنسيقها مع البدلات الرسمية أو الفساتين الصيفية لإضافة لمسة نهائية أنيقة لإطلالتك.

▫️ السعر: 300 ر.س
▫️ للطلب والاستفسار: تواصلوا معنا عبر الرسائل الخاصة (DM) 📩

#حقائب_نسائية #شنط #أناقة #NorahAlZahrani #موضة","https://d1q03ajwgi7cv2.cloudfront.net/media/catalog/product//cache/7979606d890c211479dc7a080f45fccc/d/u/du-dilly-0022500110008052_front.jpg, https://d1q03ajwgi7cv2.cloudfront.net/media/catalog/product//d/u/du-dilly-0022500110008052_back.jpg, https://d1q03ajwgi7cv2.cloudfront.net/media/catalog/product//d/u/du-dilly-0022500110008052_detail.jpg, https://d1q03ajwgi7cv2.cloudfront.net/media/catalog/product//d/u/du-dilly-0022500110008052_side.jpg",
2026-10-01 21:45,"دينيدليبرات - بيوتر ✨

اكتشفي شنطة دينيدليبرات الصغيرة، الإضافة الأحدث لعائلة ديليبرات الأيقونية. تصميم مدمج يعكس شخصية الموديلات الأكبر بحجم مثالي. صنعت بنسيج مميز مع مقبض دائري ملفت، وتأتي مع محفظة صغيرة بسحاب قابلة للفصل لحفظ الأساسيات بأناقة. خيار عملي وأنيق يناسب النهار والمساء، بلمسة جريئة مع جهد أقل.

▫️ السعر: 300 ر.س
▫️ للطلب والاستفسار: تواصلوا معنا عبر الرسائل الخاصة (DM) 📩

#حقائب_نسائية #شنط #أناقة #NorahAlZahrani #موضة","https://d1q03ajwgi7cv2.cloudfront.net/media/catalog/product//cache/7979606d890c211479dc7a080f45fccc/d/u/du-dinideliberate-0024511200008310_front.jpg, https://d1q03ajwgi7cv2.cloudfront.net/media/catalog/product//d/u/du-dinideliberate-0024511200008310_back.jpg, https://d1q03ajwgi7cv2.cloudfront.net/media/catalog/product//d/u/du-dinideliberate-0024511200008310_detail.jpg, https://d1q03ajwgi7cv2.cloudfront.net/media/catalog/product//d/u/du-dinideliberate-0024511200008310_side.jpg",
2026-10-02 16:30,"دونينغز - أبيض ✨

تمت صناعة حقيبة داونينغز من جلد أبيض ناعم بتصميم مميز وشكل منحني أنيق يلفت الأنظار. تتميز بمقبض دائري عصري مع بطانة داخلية من قماش التويل لإضافة لمسة عملية وفاخرة. انتقلي بسهولة من إطلالات النهار إلى المساء مع هذه الحقيبة المثالية التي تمنحك أناقة راقية وترافقك في جميع المناسبات كقطعة أساسية لا غنى عنها.

▫️ السعر: 320 ر.س
▫️ للطلب والاستفسار: تواصلوا معنا عبر الرسائل الخاصة (DM) 📩

#حقائب_نسائية #شنط #أناقة #NorahAlZahrani #موضة","https://d1q03ajwgi7cv2.cloudfront.net/media/catalog/product//cache/7979606d890c211479dc7a080f45fccc/d/u/du-dawnings-0020511200013487_front.jpg, https://d1q03ajwgi7cv2.cloudfront.net/media/catalog/product//d/u/du-dawnings-0020511200013487_back.jpg, https://d1q03ajwgi7cv2.cloudfront.net/media/catalog/product//d/u/du-dawnings-0020511200013487_detail.jpg, https://d1q03ajwgi7cv2.cloudfront.net/media/catalog/product//d/u/du-dawnings-0020511200013487_model.jpg",
2026-10-02 19:15,"إنكوريج – بيج ✨

تُعد حقيبة إنكوراج أحدث إضافة إلى مجموعة ديليبريت المميزة. تأتي بتصميم منسوج يحمل بصمة العلامة، وتنتقل بسهولة من حقيبة يد أنيقة إلى حقيبة كتف بفضل الحزام القابل للإزالة والتعديل. مصنوعة من خامات فاخرة مع تصميم انسيابي ناعم وتفاصيل راقية، لتكون خيارًا أنيقًا يناسب الإطلالات من النهار إلى المساء.

▫️ السعر: 300 ر.س
▫️ للطلب والاستفسار: تواصلوا معنا عبر الرسائل الخاصة (DM) 📩

#حقائب_نسائية #شنط #أناقة #NorahAlZahrani #موضة","https://d1q03ajwgi7cv2.cloudfront.net/media/catalog/product//cache/7979606d890c211479dc7a080f45fccc/d/u/du-encourage-0009511200008433_front.jpg, https://d1q03ajwgi7cv2.cloudfront.net/media/catalog/product//d/u/du-encourage-0009511200008433_detail.jpg, https://d1q03ajwgi7cv2.cloudfront.net/media/catalog/product//d/u/du-encourage-0009511200008433_side.jpg, https://d1q03ajwgi7cv2.cloudfront.net/media/catalog/product//d/u/du-encourage-0009511200008433_back.jpg, https://d1q03ajwgi7cv2.cloudfront.net/media/catalog/product//d/u/du-encourage-0009511200008433_top.jpg",
2026-10-02 21:45,"إنشانت - برونزي ✨

تتميز بتفاصيل براقة من الكريستال والزجاج، وقفل آمن يجمع بين الأناقة والعملية لأي مناسبة.

▫️ السعر: 350 ر.س
▫️ للطلب والاستفسار: تواصلوا معنا عبر الرسائل الخاصة (DM) 📩

#حقائب_نسائية #شنط #أناقة #NorahAlZahrani #موضة","https://d1q03ajwgi7cv2.cloudfront.net/media/catalog/product//cache/7979606d890c211479dc7a080f45fccc/d/u/du-enchant-0009500110057409_front.jpg, https://d1q03ajwgi7cv2.cloudfront.net/media/catalog/product//d/u/du-enchant-0009500110057409_back.jpg, https://d1q03ajwgi7cv2.cloudfront.net/media/catalog/product//d/u/du-enchant-0009500110057409_detail.jpg, https://d1q03ajwgi7cv2.cloudfront.net/media/catalog/product//d/u/du-enchant-0009500110057409_side.jpg",
2026-10-03 16:30,"ديليبيريت - وردي فاتح ✨

تعكس حقيبة ديليبيريت التزامنا بتقديم تصميم استثنائي مدروس بعناية. تتميز ببنية محبوكة يدوية حرفية بتوقيعنا الخاص، مع شكل عصري خالد تم تحديثه بألوان الموسم الرائجة. صُنعت من خامات بريميوم تضيف لمسة فاخرة بفضل الملمس المحبوك يدويًا، كما تأتي بإغلاق يحمل شعار العلامة لإطلالة راقية. ويمكنك إضافة الحزام القابل للتعديل للحصول على أسلوب عملي بدون استخدام اليدين، مما يجعلها خيارًا مثالياً للأناقة اليومية.

▫️ السعر: 350 ر.س
▫️ للطلب والاستفسار: تواصلوا معنا عبر الرسائل الخاصة (DM) 📩

#حقائب_نسائية #شنط #أناقة #NorahAlZahrani #موضة","https://d1q03ajwgi7cv2.cloudfront.net/media/catalog/product//cache/7979606d890c211479dc7a080f45fccc/d/u/du-deliberatel-0019511200009670_front.jpg, https://d1q03ajwgi7cv2.cloudfront.net/media/catalog/product//d/u/du-deliberatel-0019511200009670_back.jpg, https://d1q03ajwgi7cv2.cloudfront.net/media/catalog/product//d/u/du-deliberatel-0019511200009670_detail.jpg, https://d1q03ajwgi7cv2.cloudfront.net/media/catalog/product//d/u/du-deliberatel-0019511200009670_model.jpg",
2026-10-03 19:15,"بي – أسود ✨

حقيبة بي بتصميم ظرف أنيق، مصنوعة من جلد فاخر وتتميز بقفل مغناطيسي يحمل شعار الماركة بلون ذهبي. يمكن تنسيقها كحقيبة كتف أنيقة أو كحقيبة يد راقية بفضل حمالة السلسلة الذهبية القابل للإزالة. خيار مثالي للمناسبات المسائية أو لإضافة لمسة فخامة لأي إطلالة، تجمع بين التصميم الكلاسيكي والطابع العصري.

▫️ السعر: 300 ر.س
▫️ للطلب والاستفسار: تواصلوا معنا عبر الرسائل الخاصة (DM) 📩

#حقائب_نسائية #شنط #أناقة #NorahAlZahrani #موضة","https://d1q03ajwgi7cv2.cloudfront.net/media/catalog/product//cache/7979606d890c211479dc7a080f45fccc/d/u/du-bee-0007500110074484_front.jpg, https://d1q03ajwgi7cv2.cloudfront.net/media/catalog/product//d/u/du-bee-0007500110074484_back.jpg, https://d1q03ajwgi7cv2.cloudfront.net/media/catalog/product//d/u/du-bee-0007500110074484_detail.jpg, https://d1q03ajwgi7cv2.cloudfront.net/media/catalog/product//d/u/du-bee-0007500110074484_model.jpg",
2026-10-03 21:45,"كيمبل - خمري ✨

تُعد محفظة كوتس من ديون لندن قطعة أساسية أنيقة للاستخدام اليومي. تأتي مزودة بعدة فتحات مخصصة للنقود والبطاقات، مع جيب بسحاب لحفظ العملات المعدنية بشكل آمن ومنظم. وتكتمل بتفاصيل معدنية راقية ولمسات مسامير أنيقة تضيف مظهرًا عصريًا وفخمًا، مما يجعلها محفظة مثالية تجمع بين العملية والأناقة في كل يوم.

▫️ السعر: 120 ر.س
▫️ للطلب والاستفسار: تواصلوا معنا عبر الرسائل الخاصة (DM) 📩

#حقائب_نسائية #شنط #أناقة #NorahAlZahrani #موضة","https://d1q03ajwgi7cv2.cloudfront.net/media/catalog/product//cache/7979606d890c211479dc7a080f45fccc/d/u/du-kimble-0028500110028922_front.jpg, https://d1q03ajwgi7cv2.cloudfront.net/media/catalog/product//d/u/du-kimble-0028500110028922_back.jpg, https://d1q03ajwgi7cv2.cloudfront.net/media/catalog/product//d/u/du-kimble-0028500110028922_detail.jpg, https://d1q03ajwgi7cv2.cloudfront.net/media/catalog/product//d/u/du-kimble-0028500110028922_side.jpg",
2026-10-04 16:30,"دوري - شوكولاتة ✨

بتصميم صندوقي عصري، تتميز حقيبة دوري بقماش محكم متباين يضيف لمسة أنيقة ومميزة. يوفر الحزام الكروس بادي القابل للفصل خيارات حمل متعددة، بينما تضيف المقابض المزدوجة ولمسات المعدن الذهبي مظهرًا راقيًا. وتكتمل بتقسيمات داخلية متعددة مع شعار ديون لندن المميز، مما يجعلها حقيبة توت مثالية لأيام المكتب والإطلالات اليومية خارج أوقات العمل.

▫️ السعر: 320 ر.س
▫️ للطلب والاستفسار: تواصلوا معنا عبر الرسائل الخاصة (DM) 📩

#حقائب_نسائية #شنط #أناقة #NorahAlZahrani #موضة","https://d1q03ajwgi7cv2.cloudfront.net/media/catalog/product//cache/7979606d890c211479dc7a080f45fccc/d/u/du-dorry-0019500110006924_front.jpg, https://d1q03ajwgi7cv2.cloudfront.net/media/catalog/product//d/u/du-dorry-0019500110006924_back.jpg, https://d1q03ajwgi7cv2.cloudfront.net/media/catalog/product//d/u/du-dorry-0019500110006924_detail.jpg, https://d1q03ajwgi7cv2.cloudfront.net/media/catalog/product//d/u/du-dorry-0019500110006924_side.jpg",
2026-10-04 19:15,"إنكورج - برونزي ✨

أكملي إطلالتك مع شنطة إنكورِج من مجموعة ديليبريت الفاخرة. تتميز بنقشة الحياكة المميزة، وتتحول بسهولة من كلاتش يدوي أنيق إلى كروس بودي عصري بفضل الحزام القابل للتعديل والإزالة. مصنوعة من خامات فاخرة، بتصميم مرن وأنيق يجعلها مثالية للتألق من النهار حتى المساء.

▫️ السعر: 300 ر.س
▫️ للطلب والاستفسار: تواصلوا معنا عبر الرسائل الخاصة (DM) 📩

#حقائب_نسائية #شنط #أناقة #NorahAlZahrani #موضة","https://d1q03ajwgi7cv2.cloudfront.net/media/catalog/product//cache/7979606d890c211479dc7a080f45fccc/d/u/du-encourage-0009511200008407_front.jpg, https://d1q03ajwgi7cv2.cloudfront.net/media/catalog/product//d/u/du-encourage-0009511200008407_back.jpg, https://d1q03ajwgi7cv2.cloudfront.net/media/catalog/product//d/u/du-encourage-0009511200008407_detail.jpg, https://d1q03ajwgi7cv2.cloudfront.net/media/catalog/product//d/u/du-encourage-0009511200008407_top.jpg",
2026-10-04 21:45,"ديليبيريت - سيج ✨

تعكس حقيبة ديليبيريت التزامنا بتقديم تصميم استثنائي مدروس بعناية. تتميز ببنية محبوكة يدوية حرفية بتوقيعنا الخاص، مع شكل عصري خالد تم تحديثه بألوان الموسم الرائجة. صُنعت من خامات بريميوم تضيف لمسة فاخرة بفضل الملمس المحبوك يدويًا، كما تأتي بإغلاق يحمل شعار العلامة لإطلالة راقية. ويمكنك إضافة الحزام القابل للتعديل للحصول على أسلوب عملي بدون استخدام اليدين، مما يجعلها خيارًا مثالياً للأناقة اليومية.

▫️ السعر: 350 ر.س
▫️ للطلب والاستفسار: تواصلوا معنا عبر الرسائل الخاصة (DM) 📩

#حقائب_نسائية #شنط #أناقة #NorahAlZahrani #موضة","https://d1q03ajwgi7cv2.cloudfront.net/media/catalog/product//cache/7979606d890c211479dc7a080f45fccc/d/u/du-deliberatel-0019511200009414_front.jpg, https://d1q03ajwgi7cv2.cloudfront.net/media/catalog/product//d/u/du-deliberatel-0019511200009414_back.jpg, https://d1q03ajwgi7cv2.cloudfront.net/media/catalog/product//d/u/du-deliberatel-0019511200009414_detail.jpg, https://d1q03ajwgi7cv2.cloudfront.net/media/catalog/product//d/u/du-deliberatel-0019511200009414_model.jpg",
2026-10-05 16:30,"كلوب – بيج ✨

محفظة أنيقة بحجم صغير ولمسة لافتة، صُممت لتناسب الأناقة لكل يوم. مصنوعة من جلد بنقشة جلد التمساح، مع تصميم انسيابي أنيق، وتفاصيل سحاب ذهبي وشعار الماركة في الواجهة. تكتمل بتعليقة ذهبية مزدوجة تضيف لمسة فاخرة ناعمة. الخيار المثالي لوضعها داخل حقيبتك المفضلة.

▫️ السعر: 100 ر.س
▫️ للطلب والاستفسار: تواصلوا معنا عبر الرسائل الخاصة (DM) 📩

#حقائب_نسائية #شنط #أناقة #NorahAlZahrani #موضة","https://d1q03ajwgi7cv2.cloudfront.net/media/catalog/product//cache/7979606d890c211479dc7a080f45fccc/d/u/du-klub-0028500110022149_front.jpg, https://d1q03ajwgi7cv2.cloudfront.net/media/catalog/product//d/u/du-klub-0028500110022149_detail.jpg, https://d1q03ajwgi7cv2.cloudfront.net/media/catalog/product//d/u/du-klub-0028500110022149_back.jpg, https://d1q03ajwgi7cv2.cloudfront.net/media/catalog/product//d/u/du-klub-0028500110022149_side.jpg, https://d1q03ajwgi7cv2.cloudfront.net/media/catalog/product//d/u/du-klub-0028500110022149_top.jpg",
2026-10-05 19:15,"كيمبل – بيج ✨

محفظة كوتس من القطع الأساسية لكل يوم، تتميز بتصميم أنيق مع فتحات متعددة للنقود والبطاقات، وجيب مخصص للعملات بسحاب. تكتمل بتفاصيل معدنية وزخارف مسامير تضيف لمسة عصرية جذابة.

▫️ السعر: 100 ر.س
▫️ للطلب والاستفسار: تواصلوا معنا عبر الرسائل الخاصة (DM) 📩

#حقائب_نسائية #شنط #أناقة #NorahAlZahrani #موضة","https://d1q03ajwgi7cv2.cloudfront.net/media/catalog/product//cache/7979606d890c211479dc7a080f45fccc/d/u/du-kimble-0028500110028843_front.jpg, https://d1q03ajwgi7cv2.cloudfront.net/media/catalog/product//d/u/du-kimble-0028500110028843_detail.jpg, https://d1q03ajwgi7cv2.cloudfront.net/media/catalog/product//d/u/du-kimble-0028500110028843_back.jpg, https://d1q03ajwgi7cv2.cloudfront.net/media/catalog/product//d/u/du-kimble-0028500110028843_side.jpg, https://d1q03ajwgi7cv2.cloudfront.net/media/catalog/product//d/u/du-kimble-0028500110028843_top.jpg",
2026-10-05 21:45,"دوري - أسود ✨

احملي جميع أغراضك اليومية بسهولة مع هذه الحقيبة الأنيقة متعددة الأقسام. تتميز بلوحة تحمل شعار ديون مع حزام كتف اختياري وحقيبة صغيرة قابلة للإزالة لتنظيم أفضل. المقاس: 33 سم × 24 سم، مما يجعلها مثالية للاستخدام اليومي والعمل.

▫️ السعر: 320 ر.س
▫️ للطلب والاستفسار: تواصلوا معنا عبر الرسائل الخاصة (DM) 📩

#حقائب_نسائية #شنط #أناقة #NorahAlZahrani #موضة","https://d1q03ajwgi7cv2.cloudfront.net/media/catalog/product//cache/7979606d890c211479dc7a080f45fccc/d/u/du-dorry-0019500110034586_front.jpg, https://d1q03ajwgi7cv2.cloudfront.net/media/catalog/product//d/u/du-dorry-0019500110034586_back.jpg, https://d1q03ajwgi7cv2.cloudfront.net/media/catalog/product//d/u/du-dorry-0019500110034586_detail.jpg, https://d1q03ajwgi7cv2.cloudfront.net/media/catalog/product//d/u/du-dorry-0019500110034586_model.jpg",
2026-10-06 16:30,"ديني ديليبيريت – بني ✨

تعرفي على حقيبة ديني ديليبريت، أحدث إضافة إلى مجموعة ديليبرِت الأيقونية. تصميم صغير الحجم لكنه متقن، يجسد روح التصاميم الأكبر في شكل أنيق ومحدد. مصنوعة من القماش المنسوج المميز بلون خمري، مع حمالة دائرية لافتة ، وتأتي مع حقيبة صغيرة بسحاب قابلة للإزالة كلمسة عملية ذكية. رفيقة أنيقة للنهار أو المساء، تترك انطباعًا قويًا بأسلوب بسيط.

▫️ السعر: 350 ر.س
▫️ للطلب والاستفسار: تواصلوا معنا عبر الرسائل الخاصة (DM) 📩

#حقائب_نسائية #شنط #أناقة #NorahAlZahrani #موضة","https://d1q03ajwgi7cv2.cloudfront.net/media/catalog/product//cache/7979606d890c211479dc7a080f45fccc/d/u/du-dinideliberate-0024511200008924_front.jpg, https://d1q03ajwgi7cv2.cloudfront.net/media/catalog/product//d/u/du-dinideliberate-0024511200008924_detail.jpg, https://d1q03ajwgi7cv2.cloudfront.net/media/catalog/product//d/u/du-dinideliberate-0024511200008924_back.jpg, https://d1q03ajwgi7cv2.cloudfront.net/media/catalog/product//d/u/du-dinideliberate-0024511200008924_model.jpg, https://d1q03ajwgi7cv2.cloudfront.net/media/catalog/product//d/u/du-dinideliberate-0024511200008924_top.jpg",
2026-10-06 19:15,"دونينغز - أسود ✨

تمت صناعة حقيبة داونينغز من جلد أسود ناعم بتصميم مميز وشكل منحني أنيق يلفت الأنظار. تتميز بمقبض دائري عصري مع بطانة داخلية من قماش التويل لإضافة لمسة عملية وفاخرة. انتقلي بسهولة من إطلالات النهار إلى المساء مع هذه الحقيبة المثالية التي تمنحك أناقة راقية وترافقك في جميع المناسبات كقطعة أساسية لا غنى عنها.

▫️ السعر: 320 ر.س
▫️ للطلب والاستفسار: تواصلوا معنا عبر الرسائل الخاصة (DM) 📩

#حقائب_نسائية #شنط #أناقة #NorahAlZahrani #موضة","https://d1q03ajwgi7cv2.cloudfront.net/media/catalog/product//cache/7979606d890c211479dc7a080f45fccc/d/u/du-dawnings-0020511200013484_front.jpg, https://d1q03ajwgi7cv2.cloudfront.net/media/catalog/product//d/u/du-dawnings-0020511200013484_back.jpg, https://d1q03ajwgi7cv2.cloudfront.net/media/catalog/product//d/u/du-dawnings-0020511200013484_detail.jpg, https://d1q03ajwgi7cv2.cloudfront.net/media/catalog/product//d/u/du-dawnings-0020511200013484_model.jpg",
2026-10-06 21:45,"دينيديلفين - خمري ✨

ارتقي بإطلالتك اليومية مع هذه الحقيبة العملية الأنيقة بتصميم كتف متعدد الاستخدامات. صُنعت من مزيج فاخر من الخامات المحبوكة والناعمة لتمنحك مظهرًا عصريًا راقيًا. كما تأتي بحزام كروس بادي قابل للإزالة لخيارات تنسيق سهلة ومريحة. ترتكز الحقيبة على قواعد ذهبية لحماية القاعدة، مع لمسات معدنية ذهبية تحمل شعار العلامة في الأمام. وتوفر مساحة واسعة لحفظ أغراضك الأساسية، مما يجعل حقيبة دينيديلفين خيارًا مثاليًا لحقيبة نهارية أنيقة تناسب الإطلالات اليومية العصرية.

▫️ السعر: 300 ر.س
▫️ للطلب والاستفسار: تواصلوا معنا عبر الرسائل الخاصة (DM) 📩

#حقائب_نسائية #شنط #أناقة #NorahAlZahrani #موضة","https://d1q03ajwgi7cv2.cloudfront.net/media/catalog/product//cache/7979606d890c211479dc7a080f45fccc/d/u/du-dinidelphine-0020500110029271_front.jpg, https://d1q03ajwgi7cv2.cloudfront.net/media/catalog/product//d/u/du-dinidelphine-0020500110029271_back.jpg, https://d1q03ajwgi7cv2.cloudfront.net/media/catalog/product//d/u/du-dinidelphine-0020500110029271_detail.jpg, https://d1q03ajwgi7cv2.cloudfront.net/media/catalog/product//d/u/du-dinidelphine-0020500110029271_side.jpg",
2026-10-07 16:30,"ديني ديفاين – بني ✨

اعيدي تصور القطع الاساسية في خزانة ملابسك واختاري حقيبة ديني ديفاين التي سترافقك طوال العام. تم تصنيعها باحتراف من خامة فاخرة وتتميز بتفصيل حزام انيق يثبت بقفل معدني باللون الذهبي، مما يجعلها مزيجا مثاليا بين التصميم الكلاسيكي والوظائف العملية. تحمل شعار ديون لندن الايقوني وتأتي مع حمالة كروس قابلة للفصل لخيارات استخدام متعددة. كما يضم الجانبان جيبا جانبيا يحتوي على مرآة قابلة للازالة مطابقة للبطانة الداخلية.

▫️ السعر: 400 ر.س
▫️ للطلب والاستفسار: تواصلوا معنا عبر الرسائل الخاصة (DM) 📩

#حقائب_نسائية #شنط #أناقة #NorahAlZahrani #موضة","https://d1q03ajwgi7cv2.cloudfront.net/media/catalog/product//cache/7979606d890c211479dc7a080f45fccc/d/u/du-dinidefine-0020500110072509_front_1.jpg, https://d1q03ajwgi7cv2.cloudfront.net/media/catalog/product//d/u/du-dinidefine-0020500110072509_back_1.jpg, https://d1q03ajwgi7cv2.cloudfront.net/media/catalog/product//d/u/du-dinidefine-0020500110072509_detail_1.jpg",
2026-10-07 19:15,"كلوب – أسود ✨

محفظة أنيقة بحجم صغير ولمسة لافتة، صُممت لتناسب الأناقة لكل يوم. مصنوعة من جلد بنقشة جلد التمساح، مع تصميم انسيابي أنيق، وتفاصيل سحاب ذهبي وشعار الماركة في الواجهة. تكتمل بتعليقة ذهبية مزدوجة تضيف لمسة فاخرة ناعمة. الخيار المثالي لوضعها داخل حقيبتك المفضلة.

▫️ السعر: 120 ر.س
▫️ للطلب والاستفسار: تواصلوا معنا عبر الرسائل الخاصة (DM) 📩

#حقائب_نسائية #شنط #أناقة #NorahAlZahrani #موضة","https://d1q03ajwgi7cv2.cloudfront.net/media/catalog/product//cache/7979606d890c211479dc7a080f45fccc/d/u/du-klub-0028500110022484_front.jpg, https://d1q03ajwgi7cv2.cloudfront.net/media/catalog/product//d/u/du-klub-0028500110022484_detail.jpg, https://d1q03ajwgi7cv2.cloudfront.net/media/catalog/product//d/u/du-klub-0028500110022484_back.jpg, https://d1q03ajwgi7cv2.cloudfront.net/media/catalog/product//d/u/du-klub-0028500110022484_side.jpg, https://d1q03ajwgi7cv2.cloudfront.net/media/catalog/product//d/u/du-klub-0028500110022484_top.jpg",
2026-10-07 21:45,"دينكيديفاين – كريم ✨

تقدم حقيبة دينكيديفاين أسلوباً حديثاً يعيد تصور احتياجاتك اليومية، وهي قطعة خالدة مصممة لإطلالة تدوم طوال العام. تم تصنيعها باحتراف من جلد اخضر فاخر لتقديم شكل صغير الحجم لكنه يضيف حضوراً أكبر بفضل تفاصيل الحزام الانيق وقفل معدني باللون الذهبي. ويحمل التصميم توقيع ديون لندن الذي يجمع بين الشكل الكلاسيكي والوظائف الحديثة. وتمنح الحمالة القابلة للفصل خيارات استخدام أوسع من النهار الى المساء، بينما يحتوي الجيب الجانبي مرآة انيقة قابلة للإزالة مطابقة للبطانة الداخلية. وتعد دينكيديفاين اكسسواراً عملياً ستعودين اليه دائماً.

▫️ السعر: 320 ر.س
▫️ للطلب والاستفسار: تواصلوا معنا عبر الرسائل الخاصة (DM) 📩

#حقائب_نسائية #شنط #أناقة #NorahAlZahrani #موضة","https://d1q03ajwgi7cv2.cloudfront.net/media/catalog/product//cache/7979606d890c211479dc7a080f45fccc/d/u/du-dinkydefine-0024500110054491_front_1.jpg, https://d1q03ajwgi7cv2.cloudfront.net/media/catalog/product//d/u/du-dinkydefine-0024500110054491_back_1.jpg, https://d1q03ajwgi7cv2.cloudfront.net/media/catalog/product//d/u/du-dinkydefine-0024500110054491_detail_1.jpg, https://d1q03ajwgi7cv2.cloudfront.net/media/catalog/product//d/u/du-dinkydefine-0024500110054491_side_1.jpg",
2026-10-08 16:30,"ديلي - كريمي ✨

اختاري حقيبة ديلي بتصميم مسكة يد أنيق ولمسة فاخرة. تتميز بسطح محكم وإكسسوارات ذهبية راقية مع شعار مزدوج متداخل بتصميم حصري. يوفر قفل السحاب الآمن حماية لمقتنياتك الأساسية، بينما يمنحك المقبض القوي وحزام الكروس بادي القابل للتعديل خيارات حمل متعددة ومريحة تناسب جميع خططك اليومية. قطعة كلاسيكية خالدة يمكن تنسيقها مع البدلات الرسمية أو الفساتين الصيفية لإضافة لمسة نهائية أنيقة لإطلالتك.

▫️ السعر: 270 ر.س
▫️ للطلب والاستفسار: تواصلوا معنا عبر الرسائل الخاصة (DM) 📩

#حقائب_نسائية #شنط #أناقة #NorahAlZahrani #موضة","https://d1q03ajwgi7cv2.cloudfront.net/media/catalog/product//cache/7979606d890c211479dc7a080f45fccc/d/u/du-dilly-0022500110008134_front.jpg, https://d1q03ajwgi7cv2.cloudfront.net/media/catalog/product//d/u/du-dilly-0022500110008134_back.jpg, https://d1q03ajwgi7cv2.cloudfront.net/media/catalog/product//d/u/du-dilly-0022500110008134_detail.jpg, https://d1q03ajwgi7cv2.cloudfront.net/media/catalog/product//d/u/du-dilly-0022500110008134_model.jpg",
2026-10-08 19:15,"دينيديلفين - أسود ✨

ارتقي بإطلالتك اليومية مع هذه الحقيبة العملية الأنيقة بتصميم كتف متعدد الاستخدامات. صُنعت من مزيج فاخر من الخامات المحبوكة والناعمة لتمنحك مظهرًا عصريًا راقيًا. كما تأتي بحزام كروس بادي قابل للإزالة لخيارات تنسيق سهلة ومريحة. ترتكز الحقيبة على قواعد ذهبية لحماية القاعدة، مع لمسات معدنية ذهبية تحمل شعار العلامة في الأمام. وتوفر مساحة واسعة لحفظ أغراضك الأساسية، مما يجعل حقيبة دينيديلفين خيارًا مثاليًا لحقيبة نهارية أنيقة تناسب الإطلالات اليومية العصرية.

▫️ السعر: 300 ر.س
▫️ للطلب والاستفسار: تواصلوا معنا عبر الرسائل الخاصة (DM) 📩

#حقائب_نسائية #شنط #أناقة #NorahAlZahrani #موضة","https://d1q03ajwgi7cv2.cloudfront.net/media/catalog/product//cache/7979606d890c211479dc7a080f45fccc/d/u/du-dinidelphine-0020500110029038_front.jpg, https://d1q03ajwgi7cv2.cloudfront.net/media/catalog/product//d/u/du-dinidelphine-0020500110029038_back.jpg, https://d1q03ajwgi7cv2.cloudfront.net/media/catalog/product//d/u/du-dinidelphine-0020500110029038_detail.jpg, https://d1q03ajwgi7cv2.cloudfront.net/media/catalog/product//d/u/du-dinidelphine-0020500110029038_side.jpg",
2026-10-08 21:45,"كلوب – بني ✨

محفظة أنيقة بحجم صغير ولمسة لافتة، صُممت لتناسب الأناقة لكل يوم. مصنوعة من جلد بنقشة جلد التمساح، مع تصميم انسيابي أنيق، وتفاصيل سحاب ذهبي وشعار الماركة في الواجهة. تكتمل بتعليقة ذهبية مزدوجة تضيف لمسة فاخرة ناعمة. الخيار المثالي لوضعها داخل حقيبتك المفضلة.

▫️ السعر: 120 ر.س
▫️ للطلب والاستفسار: تواصلوا معنا عبر الرسائل الخاصة (DM) 📩

#حقائب_نسائية #شنط #أناقة #NorahAlZahrani #موضة","https://d1q03ajwgi7cv2.cloudfront.net/media/catalog/product//cache/7979606d890c211479dc7a080f45fccc/d/u/du-klub-0028500110022509_front.jpg, https://d1q03ajwgi7cv2.cloudfront.net/media/catalog/product//d/u/du-klub-0028500110022509_detail.jpg, https://d1q03ajwgi7cv2.cloudfront.net/media/catalog/product//d/u/du-klub-0028500110022509_back.jpg, https://d1q03ajwgi7cv2.cloudfront.net/media/catalog/product//d/u/du-klub-0028500110022509_side.jpg, https://d1q03ajwgi7cv2.cloudfront.net/media/catalog/product//d/u/du-klub-0028500110022509_top.jpg",
2026-10-09 16:30,"دينيديلبرت – أسود ✨

تقدم حقيبة دينيديليبريت الجديدة إضافةً صغيرةً ولكن ذات حضور أكبر ضمن عائلة ديليبريت. يعكس هذا التصميم الصغير كل ملامح الاصدارات الأكبر لكن في هيكل مصقول يمنح إطلالةً أنيقةً. تم تصنيعها من النسيج المميز للعلامة بلون خمري، وتأتي مع مقبض دائري لافت ومحفظة صغيرة قابلة للفصل كتفصيل عملي مُحكم. وتعد هذه الحقيبة الانيقة رفيقاً مثالياً للاستخدام النهاري والليلي، اذ تمنح تأثيراً واضحاً دون أي جهد.

▫️ السعر: 300 ر.س
▫️ للطلب والاستفسار: تواصلوا معنا عبر الرسائل الخاصة (DM) 📩

#حقائب_نسائية #شنط #أناقة #NorahAlZahrani #موضة","https://d1q03ajwgi7cv2.cloudfront.net/media/catalog/product//cache/7979606d890c211479dc7a080f45fccc/d/u/du-dinideliberate-0024511200008028_front_1.jpg, https://d1q03ajwgi7cv2.cloudfront.net/media/catalog/product//d/u/du-dinideliberate-0024511200008028_back_1.jpg, https://d1q03ajwgi7cv2.cloudfront.net/media/catalog/product//d/u/du-dinideliberate-0024511200008028_detail_1.jpg, https://d1q03ajwgi7cv2.cloudfront.net/media/catalog/product//d/u/du-dinideliberate-0024511200008028_model_1.jpg",
2026-10-09 19:15,"كلوب – أبيض ✨

محفظة أنيقة بحجم صغير ولمسة لافتة، صُممت لتناسب الأناقة لكل يوم. مصنوعة من جلد بنقشة جلد التمساح، مع تصميم انسيابي أنيق، وتفاصيل سحاب ذهبي وشعار الماركة في الواجهة. تكتمل بتعليقة ذهبية مزدوجة تضيف لمسة فاخرة ناعمة. الخيار المثالي لوضعها داخل حقيبتك المفضلة.

▫️ السعر: 100 ر.س
▫️ للطلب والاستفسار: تواصلوا معنا عبر الرسائل الخاصة (DM) 📩

#حقائب_نسائية #شنط #أناقة #NorahAlZahrani #موضة","https://d1q03ajwgi7cv2.cloudfront.net/media/catalog/product//cache/7979606d890c211479dc7a080f45fccc/d/u/du-klub-0028500110022487_front.jpg, https://d1q03ajwgi7cv2.cloudfront.net/media/catalog/product//d/u/du-klub-0028500110022487_detail.jpg, https://d1q03ajwgi7cv2.cloudfront.net/media/catalog/product//d/u/du-klub-0028500110022487_back.jpg, https://d1q03ajwgi7cv2.cloudfront.net/media/catalog/product//d/u/du-klub-0028500110022487_side.jpg, https://d1q03ajwgi7cv2.cloudfront.net/media/catalog/product//d/u/du-klub-0028500110022487_top.jpg",
2026-10-09 21:45,"دينيديلبرت – إيكرو ✨

تقدم حقيبة دينيديليبريت الجديدة إضافةً صغيرةً ولكن ذات حضور أكبر ضمن عائلة ديليبريت. يعكس هذا التصميم الصغير كل ملامح الاصدارات الأكبر لكن في هيكل مصقول يمنح إطلالةً أنيقةً. تم تصنيعها من النسيج المميز للعلامة بلون خمري، وتأتي مع مقبض دائري لافت ومحفظة صغيرة قابلة للفصل كتفصيل عملي مُحكم. وتعد هذه الحقيبة الانيقة رفيقاً مثالياً للاستخدام النهاري والليلي، اذ تمنح تأثيراً واضحاً دون أي جهد.

▫️ السعر: 250 ر.س
▫️ للطلب والاستفسار: تواصلوا معنا عبر الرسائل الخاصة (DM) 📩

#حقائب_نسائية #شنط #أناقة #NorahAlZahrani #موضة","https://d1q03ajwgi7cv2.cloudfront.net/media/catalog/product//cache/7979606d890c211479dc7a080f45fccc/d/u/du-dinideliberate-0024511200008737_front_1.jpg, https://d1q03ajwgi7cv2.cloudfront.net/media/catalog/product//d/u/du-dinideliberate-0024511200008737_back_1.jpg, https://d1q03ajwgi7cv2.cloudfront.net/media/catalog/product//d/u/du-dinideliberate-0024511200008737_detail_1.jpg",
2026-10-10 16:30,"برانش – عاجي ✨

ارتقي بإطلالة الزفاف أو المناسبات الخاصة مع حقيبة اليد الأنيقة هذه باللون العاجي. مصنوعة من جلد فاخر، وتأتي مع حزام سلسلة إضافي بتصميم أنيق. مزودة بقفل راقٍ وبطانة داخلية ناعمة، لتكون الإكسسوار المثالي الذي يضيف لمسة أنيقة ويترك انطباعًا لا يُنسى.

▫️ السعر: 320 ر.س
▫️ للطلب والاستفسار: تواصلوا معنا عبر الرسائل الخاصة (DM) 📩

#حقائب_نسائية #شنط #أناقة #NorahAlZahrani #موضة","https://d1q03ajwgi7cv2.cloudfront.net/media/catalog/product//cache/7979606d890c211479dc7a080f45fccc/d/u/du-brunch-0007503940097371_front.jpg, https://d1q03ajwgi7cv2.cloudfront.net/media/catalog/product//d/u/du-brunch-0007503940097371_back.jpg, https://d1q03ajwgi7cv2.cloudfront.net/media/catalog/product//d/u/du-brunch-0007503940097371_detail.jpg, https://d1q03ajwgi7cv2.cloudfront.net/media/catalog/product//d/u/du-brunch-0007503940097371_side.jpg",
2026-10-10 19:15,"إمبيلشد - ذهبي ✨

تميّزي مع كلاتش أنيق بتصميم صدفة، مرصع بالكامل بكريستالات لامعة تضفي لمسة من البريق على إطلالاتك المسائية. صُمم ليُحمل باليد ليضيف لمسة جاذبية فاخرة تناسب حفلات الزفاف والمناسبات أو أي سهرة ترغبين فيها بالتألق.

▫️ السعر: 400 ر.س
▫️ للطلب والاستفسار: تواصلوا معنا عبر الرسائل الخاصة (DM) 📩

#حقائب_نسائية #شنط #أناقة #NorahAlZahrani #موضة","https://d1q03ajwgi7cv2.cloudfront.net/media/catalog/product//cache/7979606d890c211479dc7a080f45fccc/d/u/du-embellished-0009506660011567_front.jpg, https://d1q03ajwgi7cv2.cloudfront.net/media/catalog/product//d/u/du-embellished-0009506660011567_back.jpg, https://d1q03ajwgi7cv2.cloudfront.net/media/catalog/product//d/u/du-embellished-0009506660011567_detail.jpg",
2026-10-10 21:45,"كيلسي - أسود ✨

تجمع محفظة كيلسي بين تصميم الموسم والتفاصيل الراقية الأنيقة. تأتي من الداخل مع تقسيمات عملية تحافظ على تنظيم أغراضك، مع فتحات مخصصة للبطاقات، وجيب للنقود، وجيب بسحاب لحفظ العملات المعدنية. وتكتمل بشعار ذهبي بارز مع قفل مغناطيسي أنيق، مما يجعلها الإكسسوار المثالي للاستخدام اليومي ولمظهر عملي فاخر.

▫️ السعر: 170 ر.س
▫️ للطلب والاستفسار: تواصلوا معنا عبر الرسائل الخاصة (DM) 📩

#حقائب_نسائية #شنط #أناقة #NorahAlZahrani #موضة","https://d1q03ajwgi7cv2.cloudfront.net/media/catalog/product//cache/7979606d890c211479dc7a080f45fccc/d/u/du-kelsey-0028500110019038_front.jpg, https://d1q03ajwgi7cv2.cloudfront.net/media/catalog/product//d/u/du-kelsey-0028500110019038_back.jpg, https://d1q03ajwgi7cv2.cloudfront.net/media/catalog/product//d/u/du-kelsey-0028500110019038_detail.jpg, https://d1q03ajwgi7cv2.cloudfront.net/media/catalog/product//d/u/du-kelsey-0028500110019038_side.jpg, https://d1q03ajwgi7cv2.cloudfront.net/media/catalog/product//k/e/kelsey-0028500110019459_model.jpg",
2026-10-11 16:30,"ميلو-أسود ✨

أضيفي لمسة أنيقة إلى إطلالتك مع صندل موسكات دي آي بتصميم عصري ولمسة بارزة في الخامة. يتميز بحزام علوي ملتف يمنح التصميم طابعًا مميزًا، مع كعب متوسط مربع وتفاصيل معدنية ذهبية تضيف لمسة فخامة راقية تناسب مختلف الإطلالات.

▫️ السعر: 300 ر.س
▫️ للطلب والاستفسار: تواصلوا معنا عبر الرسائل الخاصة (DM) 📩

#حقائب_نسائية #شنط #أناقة #NorahAlZahrani #موضة","https://d1q03ajwgi7cv2.cloudfront.net/media/catalog/product//cache/7979606d890c211479dc7a080f45fccc/d/u/du-milo-0088500620021028_front_3.jpg, https://d1q03ajwgi7cv2.cloudfront.net/media/catalog/product//d/u/du-milo-0088500620021028_front_2.jpg, https://d1q03ajwgi7cv2.cloudfront.net/media/catalog/product//d/u/du-milo-0088500620021028_front_1.jpg, https://d1q03ajwgi7cv2.cloudfront.net/media/catalog/product//d/u/du-milo-0088500620021028_back_3.jpg, https://d1q03ajwgi7cv2.cloudfront.net/media/catalog/product//d/u/du-milo-0088500620021028_back_2.jpg, https://d1q03ajwgi7cv2.cloudfront.net/media/catalog/product//d/u/du-milo-0088500620021028_back_1.jpg, https://d1q03ajwgi7cv2.cloudfront.net/media/catalog/product//d/u/du-milo-0088500620021028_side_3.jpg, https://d1q03ajwgi7cv2.cloudfront.net/media/catalog/product//d/u/du-milo-0088500620021028_side_2.jpg, https://d1q03ajwgi7cv2.cloudfront.net/media/catalog/product//d/u/du-milo-0088500620021028_side_1.jpg, https://d1q03ajwgi7cv2.cloudfront.net/media/catalog/product//d/u/du-milo-0088500620021028_top_3.jpg, https://d1q03ajwgi7cv2.cloudfront.net/media/catalog/product//d/u/du-milo-0088500620021028_top_2.jpg, https://d1q03ajwgi7cv2.cloudfront.net/media/catalog/product//d/u/du-milo-0088500620021028_top_1.jpg, https://d1q03ajwgi7cv2.cloudfront.net/media/catalog/product//d/u/du-milo-0088500620021028_front.jpg, https://d1q03ajwgi7cv2.cloudfront.net/media/catalog/product//d/u/du-milo-0088500620021028_back.jpg, https://d1q03ajwgi7cv2.cloudfront.net/media/catalog/product//d/u/du-milo-0088500620021028_side.jpg, https://d1q03ajwgi7cv2.cloudfront.net/media/catalog/product//d/u/du-milo-0088500620021028_top.jpg",
2026-10-11 19:15,"نايا - أسود ✨

هذا الصندل الفلات الأنيق يجمع بين الراحة والأناقة، مصمم لرفع مستوى إطلالتك دون التضحية بالراحة. بفضل نعله المسطح، يتيح ارتداءه طوال اليوم مع الحفاظ على مظهر أنيق ومصقول.

▫️ السعر: 250 ر.س
▫️ للطلب والاستفسار: تواصلوا معنا عبر الرسائل الخاصة (DM) 📩

#حقائب_نسائية #شنط #أناقة #NorahAlZahrani #موضة","https://d1q03ajwgi7cv2.cloudfront.net/media/catalog/product//cache/7979606d890c211479dc7a080f45fccc/d/u/du-naya-0086500620006028_front.jpg, https://d1q03ajwgi7cv2.cloudfront.net/media/catalog/product//d/u/du-naya-0086500620006028_back.jpg, https://d1q03ajwgi7cv2.cloudfront.net/media/catalog/product//d/u/du-naya-0086500620006028_side.jpg, https://d1q03ajwgi7cv2.cloudfront.net/media/catalog/product//d/u/du-naya-0086500620006028_top.jpg",
2026-10-11 21:45,"ميلين – ذهبي ✨

يعكس هذا الصندل أسلوباً أنيقاً يجمع بين اللمسات الكلاسيكية والطابع الانثوي. يتميز بظهر مغلق مع قفل قابل للتعديل، وكعب عالي رفيع، ومقدمة مفتوحة تضيف شكلاً أنيقاً لإطلالتك. يعد خياراً مناسباً للتنسيق مع فساتين السهرة لإطلالةٍ بارزةٍ دون أي جهد.

▫️ السعر: 350 ر.س
▫️ للطلب والاستفسار: تواصلوا معنا عبر الرسائل الخاصة (DM) 📩

#حقائب_نسائية #شنط #أناقة #NorahAlZahrani #موضة","https://d1q03ajwgi7cv2.cloudfront.net/media/catalog/product//cache/7979606d890c211479dc7a080f45fccc/d/u/du-milene-0088503940123393_front_3.jpg, https://d1q03ajwgi7cv2.cloudfront.net/media/catalog/product//d/i/di_ss26_ladies_ramadan_milene_gold.jpeg, https://d1q03ajwgi7cv2.cloudfront.net/media/catalog/product//d/u/du-milene-0088503940123393_back_3.jpg, https://d1q03ajwgi7cv2.cloudfront.net/media/catalog/product//d/u/du-milene-0088503940123393_side_3.jpg, https://d1q03ajwgi7cv2.cloudfront.net/media/catalog/product//d/u/du-milene-0088503940123393_top_3.jpg",
2026-10-12 16:30,"مالك - ذهبي ✨

أضيفي لمسة راقية إلى إطلالات الصيف مع حذاء ميول مالك من ديون لندن. يتميز بمقدمة صندل مفتوحة ويرتكز على كعب عالي أنيق يمنحك مظهرًا فخمًا. كما تأتي الأحزمة بتفاصيل كات اوت مزينة بجواهر بارزة تضيف لمسة ساحرة تناسب المناسبات والسهرات.

▫️ السعر: 270 ر.س
▫️ للطلب والاستفسار: تواصلوا معنا عبر الرسائل الخاصة (DM) 📩

#حقائب_نسائية #شنط #أناقة #NorahAlZahrani #موضة","https://d1q03ajwgi7cv2.cloudfront.net/media/catalog/product//cache/7979606d890c211479dc7a080f45fccc/d/u/du-malik-0088500620056393_front_1.jpg, https://d1q03ajwgi7cv2.cloudfront.net/media/catalog/product//d/u/du-malik-0088500620056393_front.jpg, https://d1q03ajwgi7cv2.cloudfront.net/media/catalog/product//d/u/du-malik-0088500620056393_back_1.jpg, https://d1q03ajwgi7cv2.cloudfront.net/media/catalog/product//d/u/du-malik-0088500620056393_back.jpg, https://d1q03ajwgi7cv2.cloudfront.net/media/catalog/product//d/u/du-malik-0088500620056393_side_1.jpg, https://d1q03ajwgi7cv2.cloudfront.net/media/catalog/product//d/u/du-malik-0088500620056393_side.jpg, https://d1q03ajwgi7cv2.cloudfront.net/media/catalog/product//d/u/du-malik-0088500620056393_top_1.jpg, https://d1q03ajwgi7cv2.cloudfront.net/media/catalog/product//d/u/du-malik-0088500620056393_top.jpg",
2026-10-12 19:15,"سيانا-أسود ✨

تألقي بإطلالة أنيقة طوال اليوم وحتى المساء مع حذاء نسائي بتصميم عصري فاخر يجمع بين الأناقة والراحة. مصنوع من خامة شبكية شفافة مع لمسة لامعة من الجلد اللامع، ليمنحك مظهرًا راقيًا يناسب مختلف الإطلالات. يتميز بمقدمة مدببة أنيقة وكعب رفيع متوسط الارتفاع لراحة مثالية طوال اليوم، مع حزام كاحل قابل للتعديل لضبط المقاس بسهولة. مثالي لتنسيقه مع البدلات الرسمية، البنطال الجينز، أو الفساتين لإطلالة كاجوال أو رسمية أنيقة.

▫️ السعر: 300 ر.س
▫️ للطلب والاستفسار: تواصلوا معنا عبر الرسائل الخاصة (DM) 📩

#حقائب_نسائية #شنط #أناقة #NorahAlZahrani #موضة","https://d1q03ajwgi7cv2.cloudfront.net/media/catalog/product//cache/7979606d890c211479dc7a080f45fccc/d/u/du-ciana-0094500620010028_front_3.jpg, https://d1q03ajwgi7cv2.cloudfront.net/media/catalog/product//d/u/du-ciana-0094500620010028_front_2.jpg, https://d1q03ajwgi7cv2.cloudfront.net/media/catalog/product//d/u/du-ciana-0094500620010028_front_1.jpg, https://d1q03ajwgi7cv2.cloudfront.net/media/catalog/product//d/u/du-ciana-0094500620010028_back_3.jpg, https://d1q03ajwgi7cv2.cloudfront.net/media/catalog/product//d/u/du-ciana-0094500620010028_back_2.jpg, https://d1q03ajwgi7cv2.cloudfront.net/media/catalog/product//d/u/du-ciana-0094500620010028_back_1.jpg, https://d1q03ajwgi7cv2.cloudfront.net/media/catalog/product//d/u/du-ciana-0094500620010028_side_3.jpg, https://d1q03ajwgi7cv2.cloudfront.net/media/catalog/product//d/u/du-ciana-0094500620010028_side_2.jpg, https://d1q03ajwgi7cv2.cloudfront.net/media/catalog/product//d/u/du-ciana-0094500620010028_side_1.jpg, https://d1q03ajwgi7cv2.cloudfront.net/media/catalog/product//d/u/du-ciana-0094500620010028_top_3.jpg, https://d1q03ajwgi7cv2.cloudfront.net/media/catalog/product//d/u/du-ciana-0094500620010028_top_2.jpg, https://d1q03ajwgi7cv2.cloudfront.net/media/catalog/product//d/u/du-ciana-0094500620010028_top_1.jpg, https://d1q03ajwgi7cv2.cloudfront.net/media/catalog/product//d/u/du-ciana-0094500620010028_front.jpg, https://d1q03ajwgi7cv2.cloudfront.net/media/catalog/product//d/u/du-ciana-0094500620010028_back.jpg, https://d1q03ajwgi7cv2.cloudfront.net/media/catalog/product//d/u/du-ciana-0094500620010028_side.jpg, https://d1q03ajwgi7cv2.cloudfront.net/media/catalog/product//d/u/du-ciana-0094500620010028_top.jpg",
2026-10-12 21:45,"مافريك – أسود ✨

يقدم هذا الحذاء إطلالةً مميزة بأسلوبٍ عصري يجمع بين الرقة والأناقة. بتصميم انسيابي مع شكل مفتوح من الخلف يمنح مظهراً أنيقاً وسهلاً في الارتداء. يزينه شعار ديون لندن الذهبي كلمسة تضيف طابعاً فاخراً، مما يجعله خياراً مناسباً لإكمال إطلالاتك اليومية والمناسبات المسائية بأسلوبٍ راقٍ ودون أي جهد.

▫️ السعر: 270 ر.س
▫️ للطلب والاستفسار: تواصلوا معنا عبر الرسائل الخاصة (DM) 📩

#حقائب_نسائية #شنط #أناقة #NorahAlZahrani #موضة","https://d1q03ajwgi7cv2.cloudfront.net/media/catalog/product//cache/7979606d890c211479dc7a080f45fccc/d/u/du-maverick-0087500620024039_front_3.jpg, https://d1q03ajwgi7cv2.cloudfront.net/media/catalog/product//d/u/du-maverick-0087500620024039_back_3.jpg, https://d1q03ajwgi7cv2.cloudfront.net/media/catalog/product//d/u/du-maverick-0087500620024039_side_3.jpg, https://d1q03ajwgi7cv2.cloudfront.net/media/catalog/product//d/u/du-maverick-0087500620024039_top_3.jpg",
2026-10-13 16:30,"جايللا - بني غامق ✨

تصميم عصري وسهل الارتداء، صندل جايللا المفتوح هو خيارك اليومي الجديد. مصنوع من جلد فاخر بدرجة بني غامقة، بتصميم سليب أون بكعب مربع يمنحك الأناقة والراحة في كل خطوة. من ديون لندن.

▫️ السعر: 220 ر.س
▫️ للطلب والاستفسار: تواصلوا معنا عبر الرسائل الخاصة (DM) 📩

#حقائب_نسائية #شنط #أناقة #NorahAlZahrani #موضة","https://d1q03ajwgi7cv2.cloudfront.net/media/catalog/product//cache/7979606d890c211479dc7a080f45fccc/d/u/du-jayyla-0080504510010514_front_1.jpg, https://d1q03ajwgi7cv2.cloudfront.net/media/catalog/product//d/u/du-jayyla-0080504510010514_front.jpg, https://d1q03ajwgi7cv2.cloudfront.net/media/catalog/product//d/u/du-jayyla-0080504510010514_back_1.jpg, https://d1q03ajwgi7cv2.cloudfront.net/media/catalog/product//d/u/du-jayyla-0080504510010514_back.jpg, https://d1q03ajwgi7cv2.cloudfront.net/media/catalog/product//d/u/du-jayyla-0080504510010514_side_1.jpg, https://d1q03ajwgi7cv2.cloudfront.net/media/catalog/product//d/u/du-jayyla-0080504510010514_side.jpg, https://d1q03ajwgi7cv2.cloudfront.net/media/catalog/product//d/u/du-jayyla-0080504510010514_top_1.jpg, https://d1q03ajwgi7cv2.cloudfront.net/media/catalog/product//d/u/du-jayyla-0080504510010514_top.jpg",
2026-10-13 19:15,"ليندو - أبيض ✨

اختاري الجودة والأناقة مع أحذية دون لندن المصممة بخامات فاخرة وتصميم عصري. توفر راحة طويلة الأمد ومتانة عالية مع لمسة نهائية أنيقة تناسب الاستخدام اليومي والمناسبات. خيار مثالي لعشاق الأحذية النسائية، أحذية رسمية، أحذية كاجوال، وأحذية فاخرة.

▫️ السعر: 250 ر.س
▫️ للطلب والاستفسار: تواصلوا معنا عبر الرسائل الخاصة (DM) 📩

#حقائب_نسائية #شنط #أناقة #NorahAlZahrani #موضة","https://d1q03ajwgi7cv2.cloudfront.net/media/catalog/product//cache/7979606d890c211479dc7a080f45fccc/d/u/du-lindo-0079500620106487_front_3.jpg, https://d1q03ajwgi7cv2.cloudfront.net/media/catalog/product//d/u/du-lindo-0079500620106487_front_2.jpg, https://d1q03ajwgi7cv2.cloudfront.net/media/catalog/product//d/u/du-lindo-0079500620106487_front_1.jpg, https://d1q03ajwgi7cv2.cloudfront.net/media/catalog/product//d/u/du-lindo-0079500620106487_front.jpg, https://d1q03ajwgi7cv2.cloudfront.net/media/catalog/product//d/u/du-lindo-0079500620106487_back_3.jpg, https://d1q03ajwgi7cv2.cloudfront.net/media/catalog/product//d/u/du-lindo-0079500620106487_back_2.jpg, https://d1q03ajwgi7cv2.cloudfront.net/media/catalog/product//d/u/du-lindo-0079500620106487_back_1.jpg, https://d1q03ajwgi7cv2.cloudfront.net/media/catalog/product//d/u/du-lindo-0079500620106487_back.jpg, https://d1q03ajwgi7cv2.cloudfront.net/media/catalog/product//d/u/du-lindo-0079500620106487_side_3.jpg, https://d1q03ajwgi7cv2.cloudfront.net/media/catalog/product//d/u/du-lindo-0079500620106487_side_2.jpg, https://d1q03ajwgi7cv2.cloudfront.net/media/catalog/product//d/u/du-lindo-0079500620106487_side_1.jpg, https://d1q03ajwgi7cv2.cloudfront.net/media/catalog/product//d/u/du-lindo-0079500620106487_side.jpg, https://d1q03ajwgi7cv2.cloudfront.net/media/catalog/product//d/u/du-lindo-0079500620106487_top_3.jpg, https://d1q03ajwgi7cv2.cloudfront.net/media/catalog/product//d/u/du-lindo-0079500620106487_top_2.jpg, https://d1q03ajwgi7cv2.cloudfront.net/media/catalog/product//d/u/du-lindo-0079500620106487_top_1.jpg, https://d1q03ajwgi7cv2.cloudfront.net/media/catalog/product//d/u/du-lindo-0079500620106487_top.jpg",
2026-10-13 21:45,"مافريك – خمري ✨

يقدم هذا الحذاء إطلالةً مميزة بأسلوبٍ عصري يجمع بين الرقة والأناقة. بتصميم انسيابي مع شكل مفتوح من الخلف يمنح مظهراً أنيقاً وسهلاً في الارتداء. يزينه شعار ديون لندن الذهبي كلمسة تضيف طابعاً فاخراً، مما يجعله خياراً مناسباً لإكمال إطلالاتك اليومية والمناسبات المسائية بأسلوبٍ راقٍ ودون أي جهد.

▫️ السعر: 250 ر.س
▫️ للطلب والاستفسار: تواصلوا معنا عبر الرسائل الخاصة (DM) 📩

#حقائب_نسائية #شنط #أناقة #NorahAlZahrani #موضة","https://d1q03ajwgi7cv2.cloudfront.net/media/catalog/product//cache/7979606d890c211479dc7a080f45fccc/d/u/du-maverick-0087500620024531_front_3.jpg, https://d1q03ajwgi7cv2.cloudfront.net/media/catalog/product//d/u/du-maverick-0087500620024531_back_3.jpg, https://d1q03ajwgi7cv2.cloudfront.net/media/catalog/product//d/u/du-maverick-0087500620024531_side_3.jpg, https://d1q03ajwgi7cv2.cloudfront.net/media/catalog/product//d/u/du-maverick-0087500620024531_top_3.jpg",
2026-10-14 16:30,"كاسكيس – أسود ✨

تقدم كاسكايس إطلالةً راقيةً بفضل تصميمها اللامع المصنوع من خامة باتنت. يتميز الحذاء بمقدمة مدببة وكعب قصير متسع يمنح ارتفاعاً خفيفاً دون التأثير على الراحة. يوفر الحزام القابل للتعديل ملائمةً أفضل وتفصيلاً أنيقاً، مما يجعل كاسكايس اللمسة النهائية المثالية لإطلالاتٍ تمتد من النهار الى المساء بأسلوبٍ أنيقاً.

▫️ السعر: 250 ر.س
▫️ للطلب والاستفسار: تواصلوا معنا عبر الرسائل الخاصة (DM) 📩

#حقائب_نسائية #شنط #أناقة #NorahAlZahrani #موضة","https://d1q03ajwgi7cv2.cloudfront.net/media/catalog/product//cache/7979606d890c211479dc7a080f45fccc/d/u/du-cascais-0095500620026039_front_3.jpg, https://d1q03ajwgi7cv2.cloudfront.net/media/catalog/product//d/i/di_ss26_ladies_ramadan_cascais_black1.jpeg, https://d1q03ajwgi7cv2.cloudfront.net/media/catalog/product//d/u/du-cascais-0095500620026039_back_3.jpg, https://d1q03ajwgi7cv2.cloudfront.net/media/catalog/product//d/u/du-cascais-0095500620026039_side_3.jpg, https://d1q03ajwgi7cv2.cloudfront.net/media/catalog/product//d/u/du-cascais-0095500620026039_top_3.jpg",
2026-10-14 19:15,"مونومنتال – أبيض ✨

حذاء عصري مفتوح من الخلف يضفي لمسة حديثة على إطلالات الطقس الدافئ. مصنوع من جلد ناعم للغاية، ويرتكز على كعب رفيع متوسط الارتفاع يوفر الراحة والأناقة. خيارك المثالي للانتقال من النهار إلى المساء بكل سهولة.

▫️ السعر: 250 ر.س
▫️ للطلب والاستفسار: تواصلوا معنا عبر الرسائل الخاصة (DM) 📩

#حقائب_نسائية #شنط #أناقة #NorahAlZahrani #موضة","https://d1q03ajwgi7cv2.cloudfront.net/media/catalog/product//cache/7979606d890c211479dc7a080f45fccc/d/u/du-monumental-0087510780003487_front_3.jpg, https://d1q03ajwgi7cv2.cloudfront.net/media/catalog/product//d/u/du-monumental-0087510780003487_front_2.jpg, https://d1q03ajwgi7cv2.cloudfront.net/media/catalog/product//d/u/du-monumental-0087510780003487_front_1.jpg, https://d1q03ajwgi7cv2.cloudfront.net/media/catalog/product//d/u/du-monumental-0087510780003487_front.jpg, https://d1q03ajwgi7cv2.cloudfront.net/media/catalog/product//d/u/du-monumental-0087510780003487_back_3.jpg, https://d1q03ajwgi7cv2.cloudfront.net/media/catalog/product//d/u/du-monumental-0087510780003487_back_2.jpg, https://d1q03ajwgi7cv2.cloudfront.net/media/catalog/product//d/u/du-monumental-0087510780003487_back_1.jpg, https://d1q03ajwgi7cv2.cloudfront.net/media/catalog/product//d/u/du-monumental-0087510780003487_back.jpg, https://d1q03ajwgi7cv2.cloudfront.net/media/catalog/product//d/u/du-monumental-0087510780003487_side_3.jpg, https://d1q03ajwgi7cv2.cloudfront.net/media/catalog/product//d/u/du-monumental-0087510780003487_side_2.jpg, https://d1q03ajwgi7cv2.cloudfront.net/media/catalog/product//d/u/du-monumental-0087510780003487_side_1.jpg, https://d1q03ajwgi7cv2.cloudfront.net/media/catalog/product//d/u/du-monumental-0087510780003487_side.jpg, https://d1q03ajwgi7cv2.cloudfront.net/media/catalog/product//d/u/du-monumental-0087510780003487_top_3.jpg, https://d1q03ajwgi7cv2.cloudfront.net/media/catalog/product//d/u/du-monumental-0087510780003487_top_2.jpg, https://d1q03ajwgi7cv2.cloudfront.net/media/catalog/product//d/u/du-monumental-0087510780003487_top_1.jpg, https://d1q03ajwgi7cv2.cloudfront.net/media/catalog/product//d/u/du-monumental-0087510780003487_top.jpg",
2026-10-14 21:45,"تشارمنغ - خمري ✨

كل خزانة تحتاج إلى قطعة مميزة تلفت الأنظار. هذا الحذاء المزخرف بالكعب العالي يضيف لمسة ساحرة مع كل خطوة، بفضل فيونكة مرصعة بالأحجار الكريمة. كما يتميز بحزام كاحل قابل للتعديل لراحة مثالية وثبات طوال اليوم، مما يجعله خيارًا فاخرًا للمناسبات والسهرات.

▫️ السعر: 300 ر.س
▫️ للطلب والاستفسار: تواصلوا معنا عبر الرسائل الخاصة (DM) 📩

#حقائب_نسائية #شنط #أناقة #NorahAlZahrani #موضة","https://d1q03ajwgi7cv2.cloudfront.net/media/catalog/product//cache/7979606d890c211479dc7a080f45fccc/d/u/du-charming-0094503940029932_front_1.jpg, https://d1q03ajwgi7cv2.cloudfront.net/media/catalog/product//d/u/du-charming-0094503940029932_front.jpg, https://d1q03ajwgi7cv2.cloudfront.net/media/catalog/product//d/u/du-charming-0094503940029932_back_1.jpg, https://d1q03ajwgi7cv2.cloudfront.net/media/catalog/product//d/u/du-charming-0094503940029932_back.jpg, https://d1q03ajwgi7cv2.cloudfront.net/media/catalog/product//d/u/du-charming-0094503940029932_side_1.jpg, https://d1q03ajwgi7cv2.cloudfront.net/media/catalog/product//d/u/du-charming-0094503940029932_side.jpg, https://d1q03ajwgi7cv2.cloudfront.net/media/catalog/product//d/u/du-charming-0094503940029932_top_1.jpg, https://d1q03ajwgi7cv2.cloudfront.net/media/catalog/product//d/u/du-charming-0094503940029932_top.jpg",
2026-10-15 16:30,"لانديس - أسود ✨

اكتشفي الصندل الذي ستعتمدينه طوال فصل الصيف. تصميم أنيق ومريح يتميز بأحزمة ناعمة ونعل مرتفع خفيف يمنحك الدعم دون التنازل عن الأسلوب. خيار مثالي لإطلالاتك اليومية.

▫️ السعر: 200 ر.س
▫️ للطلب والاستفسار: تواصلوا معنا عبر الرسائل الخاصة (DM) 📩

#حقائب_نسائية #شنط #أناقة #NorahAlZahrani #موضة","https://d1q03ajwgi7cv2.cloudfront.net/media/catalog/product//cache/7979606d890c211479dc7a080f45fccc/d/u/du-landies-0079500620089756_front.jpg, https://d1q03ajwgi7cv2.cloudfront.net/media/catalog/product//d/u/du-landies-0079500620089756_back.jpg, https://d1q03ajwgi7cv2.cloudfront.net/media/catalog/product//d/u/du-landies-0079500620089756_side.jpg, https://d1q03ajwgi7cv2.cloudfront.net/media/catalog/product//d/u/du-landies-0079500620089756_top.jpg",
2026-10-15 19:15,"كاسكيس – خمري ✨

تقدم كاسكايس إطلالةً راقيةً بفضل تصميمها اللامع المصنوع من خامة باتنت. يتميز الحذاء بمقدمة مدببة وكعب قصير متسع يمنح ارتفاعاً خفيفاً دون التأثير على الراحة. يوفر الحزام القابل للتعديل ملائمةً أفضل وتفصيلاً أنيقاً، مما يجعل كاسكايس اللمسة النهائية المثالية لإطلالاتٍ تمتد من النهار الى المساء بأسلوبٍ أنيقاً.

▫️ السعر: 270 ر.س
▫️ للطلب والاستفسار: تواصلوا معنا عبر الرسائل الخاصة (DM) 📩

#حقائب_نسائية #شنط #أناقة #NorahAlZahrani #موضة","https://d1q03ajwgi7cv2.cloudfront.net/media/catalog/product//cache/7979606d890c211479dc7a080f45fccc/d/u/du-cascais-0095500620026531_front_3.jpg, https://d1q03ajwgi7cv2.cloudfront.net/media/catalog/product//d/u/du-cascais-0095500620026531_back_3.jpg, https://d1q03ajwgi7cv2.cloudfront.net/media/catalog/product//d/u/du-cascais-0095500620026531_side_3.jpg, https://d1q03ajwgi7cv2.cloudfront.net/media/catalog/product//d/u/du-cascais-0095500620026531_top_3.jpg",
2026-10-15 21:45,"هانا - أزرق ✨

منتج جلدي فاخر عالي الجودة بتصميم راقٍ وأنيق يلائم كافة الإطلالات والمناسبات.

▫️ السعر: 250 ر.س
▫️ للطلب والاستفسار: تواصلوا معنا عبر الرسائل الخاصة (DM) 📩

#حقائب_نسائية #شنط #أناقة #NorahAlZahrani #موضة","https://d1q03ajwgi7cv2.cloudfront.net/media/catalog/product//cache/7979606d890c211479dc7a080f45fccc/d/u/du-hanna-0075500620014495_front_7.jpg, https://d1q03ajwgi7cv2.cloudfront.net/media/catalog/product//d/u/du-hanna-0075500620014495_front_3.jpg, https://d1q03ajwgi7cv2.cloudfront.net/media/catalog/product//d/u/du-hanna-0075500620014495_front_5.jpg, https://d1q03ajwgi7cv2.cloudfront.net/media/catalog/product//d/u/du-hanna-0075500620014495_front_4.jpg, https://d1q03ajwgi7cv2.cloudfront.net/media/catalog/product//d/u/du-hanna-0075500620014495_front_2.jpg, https://d1q03ajwgi7cv2.cloudfront.net/media/catalog/product//d/u/du-hanna-0075500620014495_front_6.jpg, https://d1q03ajwgi7cv2.cloudfront.net/media/catalog/product//d/u/du-hanna-0075500620014495_front_1.jpg, https://d1q03ajwgi7cv2.cloudfront.net/media/catalog/product//d/u/du-hanna-0075500620014495_front.jpg, https://d1q03ajwgi7cv2.cloudfront.net/media/catalog/product//d/u/du-hanna-0075500620014495_back_3.jpg, https://d1q03ajwgi7cv2.cloudfront.net/media/catalog/product//d/u/du-hanna-0075500620014495_back_2.jpg, https://d1q03ajwgi7cv2.cloudfront.net/media/catalog/product//d/u/du-hanna-0075500620014495_back_4.jpg, https://d1q03ajwgi7cv2.cloudfront.net/media/catalog/product//d/u/du-hanna-0075500620014495_back_6.jpg, https://d1q03ajwgi7cv2.cloudfront.net/media/catalog/product//d/u/du-hanna-0075500620014495_back_7.jpg, https://d1q03ajwgi7cv2.cloudfront.net/media/catalog/product//d/u/du-hanna-0075500620014495_back.jpg, https://d1q03ajwgi7cv2.cloudfront.net/media/catalog/product//d/u/du-hanna-0075500620014495_back_1.jpg, https://d1q03ajwgi7cv2.cloudfront.net/media/catalog/product//d/u/du-hanna-0075500620014495_back_5.jpg, https://d1q03ajwgi7cv2.cloudfront.net/media/catalog/product//d/u/du-hanna-0075500620014495_side_5.jpg, https://d1q03ajwgi7cv2.cloudfront.net/media/catalog/product//d/u/du-hanna-0075500620014495_side_1.jpg, https://d1q03ajwgi7cv2.cloudfront.net/media/catalog/product//d/u/du-hanna-0075500620014495_side.jpg, https://d1q03ajwgi7cv2.cloudfront.net/media/catalog/product//d/u/du-hanna-0075500620014495_side_4.jpg, https://d1q03ajwgi7cv2.cloudfront.net/media/catalog/product//d/u/du-hanna-0075500620014495_side_2.jpg, https://d1q03ajwgi7cv2.cloudfront.net/media/catalog/product//d/u/du-hanna-0075500620014495_model.jpg, https://d1q03ajwgi7cv2.cloudfront.net/media/catalog/product//d/u/du-hanna-0075500620014495_side_3.jpg, https://d1q03ajwgi7cv2.cloudfront.net/media/catalog/product//d/u/du-hanna-0075500620014495_model_1.jpg, https://d1q03ajwgi7cv2.cloudfront.net/media/catalog/product//d/u/du-hanna-0075500620014495_top_3.jpg, https://d1q03ajwgi7cv2.cloudfront.net/media/catalog/product//d/u/du-hanna-0075500620014495_top_4.jpg, https://d1q03ajwgi7cv2.cloudfront.net/media/catalog/product//d/u/du-hanna-0075500620014495_top_2.jpg, https://d1q03ajwgi7cv2.cloudfront.net/media/catalog/product//d/u/du-hanna-0075500620014495_top_1.jpg, https://d1q03ajwgi7cv2.cloudfront.net/media/catalog/product//d/u/du-hanna-0075500620014495_side_6.jpg, https://d1q03ajwgi7cv2.cloudfront.net/media/catalog/product//d/u/du-hanna-0075500620014495_top.jpg, https://d1q03ajwgi7cv2.cloudfront.net/media/catalog/product//d/u/du-hanna-0075500620014495_side_7.jpg, https://d1q03ajwgi7cv2.cloudfront.net/media/catalog/product//d/u/du-hanna-0075500620014495_top_5.jpg, https://d1q03ajwgi7cv2.cloudfront.net/media/catalog/product//d/u/du-hanna-0075500620014495_top_7.jpg, https://d1q03ajwgi7cv2.cloudfront.net/media/catalog/product//d/u/du-hanna-0075500620014495_top_6.jpg",
2026-10-16 16:30,"إيلاراه – أبيض ✨

حذاء رياضي بنعل عالي بتصميم عصري مميز ، يوفر راحة مثالية لكل يوم. يتميز برباطات بلون موحد، وتفاصيل شعار ذهبي ناعمة، مع نعل مرتفع متباين يضيف لمسة عصرية. يكتمل بشعار الماركة خلف الكعب وعلى الرباط لمظهر يجمع بين الأناقة والسهولة.

▫️ السعر: 250 ر.س
▫️ للطلب والاستفسار: تواصلوا معنا عبر الرسائل الخاصة (DM) 📩

#حقائب_نسائية #شنط #أناقة #NorahAlZahrani #موضة","https://d1q03ajwgi7cv2.cloudfront.net/media/catalog/product//cache/7979606d890c211479dc7a080f45fccc/d/u/du-elarah-2026500620059788_front_2.jpg, https://d1q03ajwgi7cv2.cloudfront.net/media/catalog/product//d/u/du-elarah-2026500620059788_front_1.jpg, https://d1q03ajwgi7cv2.cloudfront.net/media/catalog/product//d/u/du-elarah-2026500620059788_front.jpg, https://d1q03ajwgi7cv2.cloudfront.net/media/catalog/product//d/u/du-elarah-2026500620059788_back_2.jpg, https://d1q03ajwgi7cv2.cloudfront.net/media/catalog/product//d/u/du-elarah-2026500620059788_back_1.jpg, https://d1q03ajwgi7cv2.cloudfront.net/media/catalog/product//d/u/du-elarah-2026500620059788_back.jpg, https://d1q03ajwgi7cv2.cloudfront.net/media/catalog/product//d/u/du-elarah-2026500620059788_side_2.jpg, https://d1q03ajwgi7cv2.cloudfront.net/media/catalog/product//d/u/du-elarah-2026500620059788_side_1.jpg, https://d1q03ajwgi7cv2.cloudfront.net/media/catalog/product//d/u/du-elarah-2026500620059788_side.jpg, https://d1q03ajwgi7cv2.cloudfront.net/media/catalog/product//d/u/du-elarah-2026500620059788_top_2.jpg, https://d1q03ajwgi7cv2.cloudfront.net/media/catalog/product//d/u/du-elarah-2026500620059788_top_1.jpg, https://d1q03ajwgi7cv2.cloudfront.net/media/catalog/product//d/u/du-elarah-2026500620059788_top.jpg",
2026-10-16 19:15,"شانلينغ – ذهبي ✨

يرفع حذاء تشانلينغ إطلالتك بأسلوبٍ أنيقاً يضيف لمسةً راقيةً على جميع اطلالاتك في وقت قصير. سواء كنت متجهة الى عشاء رسمي او اجتماع مهم، فإن المقدمة المدببة مع كعب رفيع وحزام خلفي يقدمان توازناً مثالياً بين الأناقة والسهولة، مما يجعل الحذاء خياراً عملياً ومناسباً لمختلف المناسبات.

▫️ السعر: 270 ر.س
▫️ للطلب والاستفسار: تواصلوا معنا عبر الرسائل الخاصة (DM) 📩

#حقائب_نسائية #شنط #أناقة #NorahAlZahrani #موضة","https://d1q03ajwgi7cv2.cloudfront.net/media/catalog/product//cache/7979606d890c211479dc7a080f45fccc/d/u/du-channeling-0094503940072516_front_3.jpg, https://d1q03ajwgi7cv2.cloudfront.net/media/catalog/product//d/u/du-channeling-0094503940072516_back_3.jpg, https://d1q03ajwgi7cv2.cloudfront.net/media/catalog/product//d/u/du-channeling-0094503940072516_side_3.jpg, https://d1q03ajwgi7cv2.cloudfront.net/media/catalog/product//d/u/du-channeling-0094503940072516_top_3.jpg",
2026-10-16 21:45,"مالك - أسود ✨

ادخلـي عالم الأناقة السهلة مع صندل مالك، تصميم ديون لندن الراقي المستوحى من صندل الكعب الكيتن الكلاسيكي. يتميز بأحزمة رفيعة تلتف حول القدم بنعومة مع مقدمة مفتوحة أنيقة، ليمنحك ارتفاعًا مثاليًا يناسب الانتقال بسلاسة من إطلالات النهار إلى المساء.

▫️ السعر: 270 ر.س
▫️ للطلب والاستفسار: تواصلوا معنا عبر الرسائل الخاصة (DM) 📩

#حقائب_نسائية #شنط #أناقة #NorahAlZahrani #موضة","https://d1q03ajwgi7cv2.cloudfront.net/media/catalog/product//cache/7979606d890c211479dc7a080f45fccc/d/u/du-malik-0088500620056046_front_2.jpg, https://d1q03ajwgi7cv2.cloudfront.net/media/catalog/product//d/u/du-malik-0088500620056046_front_1.jpg, https://d1q03ajwgi7cv2.cloudfront.net/media/catalog/product//d/u/du-malik-0088500620056046_back_2.jpg, https://d1q03ajwgi7cv2.cloudfront.net/media/catalog/product//d/u/du-malik-0088500620056046_back_1.jpg, https://d1q03ajwgi7cv2.cloudfront.net/media/catalog/product//d/u/du-malik-0088500620056046_side_2.jpg, https://d1q03ajwgi7cv2.cloudfront.net/media/catalog/product//d/u/du-malik-0088500620056046_side_1.jpg, https://d1q03ajwgi7cv2.cloudfront.net/media/catalog/product//d/u/du-malik-0088500620056046_top_2.jpg, https://d1q03ajwgi7cv2.cloudfront.net/media/catalog/product//d/u/du-malik-0088500620056046_top_1.jpg",
2026-10-17 16:30,"ليث – تان ✨

صندل كاجوال يجمع بين الأناقة والبساطة، يتميز بمقدمة جلدية ناعمة وتفصيلة معدنية مزدوجة تحمل شعار الماركة. مصنوع من جلد فاخر مع بطانة راقية توفر راحة استثنائية. مزود بمشبك أنيق يمنح ثباتًا مثاليًا، ليكون مناسبًا للإطلالات اليومية أو الأمسيات الأنيقة.

▫️ السعر: 200 ر.س
▫️ للطلب والاستفسار: تواصلوا معنا عبر الرسائل الخاصة (DM) 📩

#حقائب_نسائية #شنط #أناقة #NorahAlZahrani #موضة","https://d1q03ajwgi7cv2.cloudfront.net/media/catalog/product//cache/7979606d890c211479dc7a080f45fccc/d/u/du-laith-0079510780033511_front_4.jpg, https://d1q03ajwgi7cv2.cloudfront.net/media/catalog/product//d/u/du-laith-0079510780033511_front_3.jpg, https://d1q03ajwgi7cv2.cloudfront.net/media/catalog/product//d/u/du-laith-0079510780033511_front.jpg, https://d1q03ajwgi7cv2.cloudfront.net/media/catalog/product//d/u/du-laith-0079510780033511_front_2.jpg, https://d1q03ajwgi7cv2.cloudfront.net/media/catalog/product//d/u/du-laith-0079510780033511_front_1.jpg, https://d1q03ajwgi7cv2.cloudfront.net/media/catalog/product//d/u/du-laith-0079510780033511_back_3.jpg, https://d1q03ajwgi7cv2.cloudfront.net/media/catalog/product//d/u/du-laith-0079510780033511_back_2.jpg, https://d1q03ajwgi7cv2.cloudfront.net/media/catalog/product//d/u/du-laith-0079510780033511_back_1.jpg, https://d1q03ajwgi7cv2.cloudfront.net/media/catalog/product//d/u/du-laith-0079510780033511_back_4.jpg, https://d1q03ajwgi7cv2.cloudfront.net/media/catalog/product//d/u/du-laith-0079510780033511_back.jpg, https://d1q03ajwgi7cv2.cloudfront.net/media/catalog/product//d/u/du-laith-0079510780033511_side_1.jpg, https://d1q03ajwgi7cv2.cloudfront.net/media/catalog/product//d/u/du-laith-0079510780033511_side_3.jpg, https://d1q03ajwgi7cv2.cloudfront.net/media/catalog/product//d/u/du-laith-0079510780033511_side_4.jpg, https://d1q03ajwgi7cv2.cloudfront.net/media/catalog/product//d/u/du-laith-0079510780033511_side.jpg, https://d1q03ajwgi7cv2.cloudfront.net/media/catalog/product//d/u/du-laith-0079510780033511_side_2.jpg, https://d1q03ajwgi7cv2.cloudfront.net/media/catalog/product//d/u/du-laith-0079510780033511_top_4.jpg, https://d1q03ajwgi7cv2.cloudfront.net/media/catalog/product//d/u/du-laith-0079510780033511_top.jpg, https://d1q03ajwgi7cv2.cloudfront.net/media/catalog/product//d/u/du-laith-0079510780033511_top_1.jpg, https://d1q03ajwgi7cv2.cloudfront.net/media/catalog/product//d/u/du-laith-0079510780033511_top_3.jpg, https://d1q03ajwgi7cv2.cloudfront.net/media/catalog/product//d/u/du-laith-0079510780033511_top_2.jpg",
2026-10-17 19:15,"ليرا - إكرو ✨

تألقي بأسلوب عملي وأنيق مع صندل ليرا تي بار المضفر. صُنع من جلد فاخر ليمنحك توازنًا مثاليًا بين الفخامة والراحة. يتميز بتصميم سليب اون سهل الارتداء يناسب الاستخدام اليومي، مع إكسسوارات معدنية تحمل شعار مزدوج تضيف لمسة نهائية عصرية. مثالي لرفع مستوى إطلالاتك اليومية وإضافة أناقة كلاسيكية خالدة تناسب كل المناسبات.

▫️ السعر: 200 ر.س
▫️ للطلب والاستفسار: تواصلوا معنا عبر الرسائل الخاصة (DM) 📩

#حقائب_نسائية #شنط #أناقة #NorahAlZahrani #موضة","https://d1q03ajwgi7cv2.cloudfront.net/media/catalog/product//cache/7979606d890c211479dc7a080f45fccc/d/u/du-lyra-0079500620108736_front_1.jpg, https://d1q03ajwgi7cv2.cloudfront.net/media/catalog/product//d/u/du-lyra-0079500620108736_front.jpg, https://d1q03ajwgi7cv2.cloudfront.net/media/catalog/product//d/u/du-lyra-0079500620108736_back_1.jpg, https://d1q03ajwgi7cv2.cloudfront.net/media/catalog/product//d/u/du-lyra-0079500620108736_back.jpg, https://d1q03ajwgi7cv2.cloudfront.net/media/catalog/product//d/u/du-lyra-0079500620108736_side_1.jpg, https://d1q03ajwgi7cv2.cloudfront.net/media/catalog/product//d/u/du-lyra-0079500620108736_side.jpg, https://d1q03ajwgi7cv2.cloudfront.net/media/catalog/product//d/u/du-lyra-0079500620108736_top_1.jpg, https://d1q03ajwgi7cv2.cloudfront.net/media/catalog/product//d/u/du-lyra-0079500620108736_top.jpg",
2026-10-17 21:45,"كرُوما – ذهبي ✨

يقدم حذاء دارلينغ بالكعب العالي أسلوباً أنيقاً يعزز إطلالات المناسبات بسهولة. بتصميم بحزام كروس ومقدمة مدببة لإطلالةٍ أكثر تميزاً، ويكتمل بإغلاق بمشبك مع لمسات مزينة وتفاصيل شبكية تضيف طابعاً فاخراً. يعد خياراً مناسباً لمن تبحث عن حذاء يمنح حضوراً أكبر دون التضحية بالراحة.

▫️ السعر: 350 ر.س
▫️ للطلب والاستفسار: تواصلوا معنا عبر الرسائل الخاصة (DM) 📩

#حقائب_نسائية #شنط #أناقة #NorahAlZahrani #موضة","https://d1q03ajwgi7cv2.cloudfront.net/media/catalog/product//cache/7979606d890c211479dc7a080f45fccc/d/u/du-chroma-0094503940049393_front_3.jpg, https://d1q03ajwgi7cv2.cloudfront.net/media/catalog/product//d/u/du-chroma-0094503940049393_back_3.jpg, https://d1q03ajwgi7cv2.cloudfront.net/media/catalog/product//d/u/du-chroma-0094503940049393_side_3.jpg, https://d1q03ajwgi7cv2.cloudfront.net/media/catalog/product//d/u/du-chroma-0094503940049393_top_3.jpg",
2026-10-18 16:30,"كاميز - أسود ✨

صُنع صندل ويدج كاميز من جلد ناعم فاخر مع أحزمة مطاطية توفر ملاءمة مثالية وراحة طوال اليوم. يرتكز على كعب ويدجز من الفلين يمنحك مظهرًا عمليًا وعصريًا. تصميم متعدد الاستخدامات يرافقك بسهولة من إطلالات النهار إلى المساء، ليضيف لمسة أنيقة لكل خطوة.

▫️ السعر: 250 ر.س
▫️ للطلب والاستفسار: تواصلوا معنا عبر الرسائل الخاصة (DM) 📩

#حقائب_نسائية #شنط #أناقة #NorahAlZahrani #موضة","https://d1q03ajwgi7cv2.cloudfront.net/media/catalog/product//cache/7979606d890c211479dc7a080f45fccc/d/u/du-kamies-0081500620007756_front_1.jpg, https://d1q03ajwgi7cv2.cloudfront.net/media/catalog/product//d/u/du-kamies-0081500620007756_front.jpg, https://d1q03ajwgi7cv2.cloudfront.net/media/catalog/product//d/u/du-kamies-0081500620007756_back_1.jpg, https://d1q03ajwgi7cv2.cloudfront.net/media/catalog/product//d/u/du-kamies-0081500620007756_back.jpg, https://d1q03ajwgi7cv2.cloudfront.net/media/catalog/product//d/u/du-kamies-0081500620007756_side_1.jpg, https://d1q03ajwgi7cv2.cloudfront.net/media/catalog/product//d/u/du-kamies-0081500620007756_side.jpg, https://d1q03ajwgi7cv2.cloudfront.net/media/catalog/product//d/u/du-kamies-0081500620007756_top_1.jpg, https://d1q03ajwgi7cv2.cloudfront.net/media/catalog/product//d/u/du-kamies-0081500620007756_top.jpg",
2026-10-18 19:15,"ميلي - برونزي ✨

أضيفي لمسة أنيقة جريئة إلى إطلالتك مع هذا الصندل الفاخر بتصميم سليب اون. بتصميم عصري مزين بقطعة معدنية صغيرة تضيف لمسة من الرقي.

▫️ السعر: 350 ر.س
▫️ للطلب والاستفسار: تواصلوا معنا عبر الرسائل الخاصة (DM) 📩

#حقائب_نسائية #شنط #أناقة #NorahAlZahrani #موضة","https://d1q03ajwgi7cv2.cloudfront.net/media/catalog/product//cache/7979606d890c211479dc7a080f45fccc/d/u/du-milly-0087500620015407_front.jpg, https://d1q03ajwgi7cv2.cloudfront.net/media/catalog/product//d/u/du-milly-0087500620015407_back.jpg, https://d1q03ajwgi7cv2.cloudfront.net/media/catalog/product//d/u/du-milly-0087500620015407_side.jpg, https://d1q03ajwgi7cv2.cloudfront.net/media/catalog/product//d/u/du-milly-0087500620015407_top.jpg",
2026-10-18 21:45,"ميكا – ذهبي ✨

تقدم صندل ميكا تصميماً فاخراً بفضل الجزء العلوي المرصع بالكريستال ولمسات الجلد النباتي الناعم من الداخل. يتميز بمقدمة حادة، وأشرطة مبطنة لراحةٍ أكبر، وكعب قصير بنحت مميز يمنح إطلالةً أنيقةً تلفت الانتباه مع الحفاظ على أسلوباً عملياً وسهل الارتداء.

▫️ السعر: 350 ر.س
▫️ للطلب والاستفسار: تواصلوا معنا عبر الرسائل الخاصة (DM) 📩

#حقائب_نسائية #شنط #أناقة #NorahAlZahrani #موضة","https://d1q03ajwgi7cv2.cloudfront.net/media/catalog/product//cache/7979606d890c211479dc7a080f45fccc/d/u/du-mica-0088503940130393_front_3.jpg, https://d1q03ajwgi7cv2.cloudfront.net/media/catalog/product//d/i/di_ss26_ladies_ramadan_mica_gold.jpeg, https://d1q03ajwgi7cv2.cloudfront.net/media/catalog/product//d/u/du-mica-0088503940130393_back_3.jpg, https://d1q03ajwgi7cv2.cloudfront.net/media/catalog/product//d/u/du-mica-0088503940130393_side_3.jpg, https://d1q03ajwgi7cv2.cloudfront.net/media/catalog/product//d/u/du-mica-0088503940130393_top_3.jpg",
2026-10-19 16:30,"مونومنتال – أسود ✨

حذاء عصري مفتوح من الخلف يضفي لمسة حديثة على إطلالات الطقس الدافئ. مصنوع من جلد ناعم للغاية، ويرتكز على كعب رفيع متوسط الارتفاع يوفر الراحة والأناقة. خيارك المثالي للانتقال من النهار إلى المساء بكل سهولة.

▫️ السعر: 270 ر.س
▫️ للطلب والاستفسار: تواصلوا معنا عبر الرسائل الخاصة (DM) 📩

#حقائب_نسائية #شنط #أناقة #NorahAlZahrani #موضة","https://d1q03ajwgi7cv2.cloudfront.net/media/catalog/product//cache/7979606d890c211479dc7a080f45fccc/d/u/du-monumental-0087510780003484_front_3.jpg, https://d1q03ajwgi7cv2.cloudfront.net/media/catalog/product//d/u/du-monumental-0087510780003484_front_2.jpg, https://d1q03ajwgi7cv2.cloudfront.net/media/catalog/product//d/u/du-monumental-0087510780003484_front_1.jpg, https://d1q03ajwgi7cv2.cloudfront.net/media/catalog/product//d/u/du-monumental-0087510780003484_front.jpg, https://d1q03ajwgi7cv2.cloudfront.net/media/catalog/product//d/u/du-monumental-0087510780003484_back_3.jpg, https://d1q03ajwgi7cv2.cloudfront.net/media/catalog/product//d/u/du-monumental-0087510780003484_back_2.jpg, https://d1q03ajwgi7cv2.cloudfront.net/media/catalog/product//d/u/du-monumental-0087510780003484_back_1.jpg, https://d1q03ajwgi7cv2.cloudfront.net/media/catalog/product//d/u/du-monumental-0087510780003484_back.jpg, https://d1q03ajwgi7cv2.cloudfront.net/media/catalog/product//d/u/du-monumental-0087510780003484_side_3.jpg, https://d1q03ajwgi7cv2.cloudfront.net/media/catalog/product//d/u/du-monumental-0087510780003484_side_2.jpg, https://d1q03ajwgi7cv2.cloudfront.net/media/catalog/product//d/u/du-monumental-0087510780003484_side_1.jpg, https://d1q03ajwgi7cv2.cloudfront.net/media/catalog/product//d/u/du-monumental-0087510780003484_side.jpg, https://d1q03ajwgi7cv2.cloudfront.net/media/catalog/product//d/u/du-monumental-0087510780003484_top_3.jpg, https://d1q03ajwgi7cv2.cloudfront.net/media/catalog/product//d/u/du-monumental-0087510780003484_top_2.jpg, https://d1q03ajwgi7cv2.cloudfront.net/media/catalog/product//d/u/du-monumental-0087510780003484_top_1.jpg, https://d1q03ajwgi7cv2.cloudfront.net/media/catalog/product//d/u/du-monumental-0087510780003484_top.jpg",
2026-10-19 19:15,"ماتريمونيال – عاجي ✨

حذاء زفاف عصري يجمع بين الفخامة والراحة، يتميز بإبزيم مزين بالأحجار اللامعة وكعب عريض مرصع يمنحك ثباتًا إضافيًا. صُمم ببطانة داخلية ناعمة لتوفير راحة تدوم طوال يوم الزفاف من لحظة المراسم وحتى نهاية الاحتفال. ولمسة مميزة ليومك الخاص، حجر أزرق أنيق مخفي أسفل النعل.

▫️ السعر: 400 ر.س
▫️ للطلب والاستفسار: تواصلوا معنا عبر الرسائل الخاصة (DM) 📩

#حقائب_نسائية #شنط #أناقة #NorahAlZahrani #موضة","https://d1q03ajwgi7cv2.cloudfront.net/media/catalog/product//cache/7979606d890c211479dc7a080f45fccc/d/u/du-matrimonial-1312503940190513_front_3.jpg, https://d1q03ajwgi7cv2.cloudfront.net/media/catalog/product//d/u/du-matrimonial-1312503940190513_front_2.jpg, https://d1q03ajwgi7cv2.cloudfront.net/media/catalog/product//d/u/du-matrimonial-1312503940190513_front_1.jpg, https://d1q03ajwgi7cv2.cloudfront.net/media/catalog/product//d/u/du-matrimonial-1312503940190513_front.jpg, https://d1q03ajwgi7cv2.cloudfront.net/media/catalog/product//d/u/du-matrimonial-1312503940190513_back_3.jpg, https://d1q03ajwgi7cv2.cloudfront.net/media/catalog/product//d/u/du-matrimonial-1312503940190513_back_2.jpg, https://d1q03ajwgi7cv2.cloudfront.net/media/catalog/product//d/u/du-matrimonial-1312503940190513_back_1.jpg, https://d1q03ajwgi7cv2.cloudfront.net/media/catalog/product//d/u/du-matrimonial-1312503940190513_back.jpg, https://d1q03ajwgi7cv2.cloudfront.net/media/catalog/product//d/u/du-matrimonial-1312503940190513_side_3.jpg, https://d1q03ajwgi7cv2.cloudfront.net/media/catalog/product//d/u/du-matrimonial-1312503940190513_side_2.jpg, https://d1q03ajwgi7cv2.cloudfront.net/media/catalog/product//d/u/du-matrimonial-1312503940190513_side_1.jpg, https://d1q03ajwgi7cv2.cloudfront.net/media/catalog/product//d/u/du-matrimonial-1312503940190513_side.jpg, https://d1q03ajwgi7cv2.cloudfront.net/media/catalog/product//d/u/du-matrimonial-1312503940190513_top_3.jpg, https://d1q03ajwgi7cv2.cloudfront.net/media/catalog/product//d/u/du-matrimonial-1312503940190513_top_2.jpg, https://d1q03ajwgi7cv2.cloudfront.net/media/catalog/product//d/u/du-matrimonial-1312503940190513_top_1.jpg, https://d1q03ajwgi7cv2.cloudfront.net/media/catalog/product//d/u/du-matrimonial-1312503940190513_top.jpg",
2026-10-19 21:45,"إيلاراه – أسود ✨

حذاء رياضي بنعل عالي بتصميم عصري مميز ، يوفر راحة مثالية لكل يوم. يتميز برباطات بلون موحد، وتفاصيل شعار ذهبي ناعمة، مع نعل مرتفع متباين يضيف لمسة عصرية. يكتمل بشعار الماركة خلف الكعب وعلى الرباط لمظهر يجمع بين الأناقة والسهولة.

▫️ السعر: 250 ر.س
▫️ للطلب والاستفسار: تواصلوا معنا عبر الرسائل الخاصة (DM) 📩

#حقائب_نسائية #شنط #أناقة #NorahAlZahrani #موضة","https://d1q03ajwgi7cv2.cloudfront.net/media/catalog/product//cache/7979606d890c211479dc7a080f45fccc/d/u/du-elarah-2026500620059586_front_4.jpg, https://d1q03ajwgi7cv2.cloudfront.net/media/catalog/product//d/u/du-elarah-2026500620059586_front_3.jpg, https://d1q03ajwgi7cv2.cloudfront.net/media/catalog/product//d/u/du-elarah-2026500620059586_front_2.jpg, https://d1q03ajwgi7cv2.cloudfront.net/media/catalog/product//d/u/du-elarah-2026500620059586_back_4.jpg, https://d1q03ajwgi7cv2.cloudfront.net/media/catalog/product//d/u/du-elarah-2026500620059586_back_3.jpg, https://d1q03ajwgi7cv2.cloudfront.net/media/catalog/product//d/u/du-elarah-2026500620059586_back_2.jpg, https://d1q03ajwgi7cv2.cloudfront.net/media/catalog/product//d/u/du-elarah-2026500620059586_side_4.jpg, https://d1q03ajwgi7cv2.cloudfront.net/media/catalog/product//d/u/du-elarah-2026500620059586_side_3.jpg, https://d1q03ajwgi7cv2.cloudfront.net/media/catalog/product//d/u/du-elarah-2026500620059586_side_2.jpg, https://d1q03ajwgi7cv2.cloudfront.net/media/catalog/product//d/u/du-elarah-2026500620059586_top_4.jpg, https://d1q03ajwgi7cv2.cloudfront.net/media/catalog/product//d/u/du-elarah-2026500620059586_top_3.jpg, https://d1q03ajwgi7cv2.cloudfront.net/media/catalog/product//d/u/du-elarah-2026500620059586_top_2.jpg",
2026-10-20 16:30,"شارمنغ – أبيض ✨

يقدم هذا الحذاء بالكعب تصميماً يضيف لمسةً ساحرةً الى كل خطوة. يتميز بعقدة مرصعة بالاحجار اللامعة ترتكز على كعب عالي يمنح إطلالةً أنيقاً وبارزةً. كما يمكن تعديل حزام الكاحل بسهولة للحصول على ارتداءٍ عملياً ومناسباً طوال اليوم. يعد هذا الحذاء قطعةً أساسيةً لمن ترغب في إبراز إطلالتها بأسلوبٍ فاخراً.

▫️ السعر: 300 ر.س
▫️ للطلب والاستفسار: تواصلوا معنا عبر الرسائل الخاصة (DM) 📩

#حقائب_نسائية #شنط #أناقة #NorahAlZahrani #موضة","https://d1q03ajwgi7cv2.cloudfront.net/media/catalog/product//cache/7979606d890c211479dc7a080f45fccc/d/u/du-charming-0094503940029487_front_3.jpg, https://d1q03ajwgi7cv2.cloudfront.net/media/catalog/product//d/u/du-charming-0094503940029487_back_3.jpg, https://d1q03ajwgi7cv2.cloudfront.net/media/catalog/product//d/u/du-charming-0094503940029487_side_3.jpg, https://d1q03ajwgi7cv2.cloudfront.net/media/catalog/product//d/u/du-charming-0094503940029487_top_3.jpg",
2026-10-20 19:15,"مالايا – أسود ✨

ترفع صندل مالايا إطلالتك بأسلوبٍ يعكس حضوراً أكبر ويمنح شكلاً يلفت الانتباه من بعيد. يأتي التصميم بخطوط عصرية تمنحك إطلالةً أنيقةً وتكمل الملابس بسهولة، مما يجعل هذا الصندل خياراً مناسباً لتعزيز أسلوبك اليومي والمناسبات.

▫️ السعر: 320 ر.س
▫️ للطلب والاستفسار: تواصلوا معنا عبر الرسائل الخاصة (DM) 📩

#حقائب_نسائية #شنط #أناقة #NorahAlZahrani #موضة","https://d1q03ajwgi7cv2.cloudfront.net/media/catalog/product//cache/7979606d890c211479dc7a080f45fccc/d/u/du-malaya-0087503940108786_front_3.jpg, https://d1q03ajwgi7cv2.cloudfront.net/media/catalog/product//d/u/du-malaya-0087503940108786_back_3.jpg, https://d1q03ajwgi7cv2.cloudfront.net/media/catalog/product//d/u/du-malaya-0087503940108786_side_3.jpg, https://d1q03ajwgi7cv2.cloudfront.net/media/catalog/product//d/u/du-malaya-0087503940108786_top_3.jpg",
2026-10-20 21:45,"شانيلينغ - فضي ✨

أضيفي لمسة من البريق إلى إطلالات المناسبات مع حذاء شانيلينغ بالكعب العالي. يأتي بتصميم أنيق على كعب ستيليتو رفيع، مع حزام كاحل مزدوج مزوّد ببكلة مرصعة بالكريستال تمنحك دعمًا وثباتًا رائعًا. كما يتميز بنعل مبطن لمزيد من الراحة، ليصبح هذا الحذاء نقطة الجذب الأساسية في إطلالتك.

▫️ السعر: 300 ر.س
▫️ للطلب والاستفسار: تواصلوا معنا عبر الرسائل الخاصة (DM) 📩

#حقائب_نسائية #شنط #أناقة #NorahAlZahrani #موضة","https://d1q03ajwgi7cv2.cloudfront.net/media/catalog/product//cache/7979606d890c211479dc7a080f45fccc/d/u/du-channeling-0094503940072515_front_1.jpg, https://d1q03ajwgi7cv2.cloudfront.net/media/catalog/product//d/u/du-channeling-0094503940072515_front.jpg, https://d1q03ajwgi7cv2.cloudfront.net/media/catalog/product//d/u/du-channeling-0094503940072515_back_1.jpg, https://d1q03ajwgi7cv2.cloudfront.net/media/catalog/product//d/u/du-channeling-0094503940072515_back.jpg, https://d1q03ajwgi7cv2.cloudfront.net/media/catalog/product//d/u/du-channeling-0094503940072515_side_1.jpg, https://d1q03ajwgi7cv2.cloudfront.net/media/catalog/product//d/u/du-channeling-0094503940072515_side.jpg, https://d1q03ajwgi7cv2.cloudfront.net/media/catalog/product//d/u/du-channeling-0094503940072515_top_1.jpg, https://d1q03ajwgi7cv2.cloudfront.net/media/catalog/product//d/u/du-channeling-0094503940072515_top.jpg",
2026-10-21 16:30,"ميجارا – ذهبي ✨

تقدم صندل ميغارا خياراً أساسياً لمن تبحث عن حذاء يجمع بين الأناقة والراحة. يتميز بكعب قصير وتصميم سليب اون لسهولة ارتدائه، بينما يأتي الجزء العلوي من جلد عالي الجودة مع نعل جلدي متين لضمان استخدامٍ أطول وراحة عملياً طوال اليوم. يعد هذا الصندل مناسباً للإطلالات اليومية ويضيف لمسةً أنيقةً لأي لباس.

▫️ السعر: 270 ر.س
▫️ للطلب والاستفسار: تواصلوا معنا عبر الرسائل الخاصة (DM) 📩

#حقائب_نسائية #شنط #أناقة #NorahAlZahrani #موضة","https://d1q03ajwgi7cv2.cloudfront.net/media/catalog/product//cache/7979606d890c211479dc7a080f45fccc/d/u/du-megara-0087503940116516_front_3.jpg, https://d1q03ajwgi7cv2.cloudfront.net/media/catalog/product//d/u/du-megara-0087503940116516_back_3.jpg, https://d1q03ajwgi7cv2.cloudfront.net/media/catalog/product//d/u/du-megara-0087503940116516_side_3.jpg, https://d1q03ajwgi7cv2.cloudfront.net/media/catalog/product//d/u/du-megara-0087503940116516_top_3.jpg",
2026-10-21 19:15,"جوردن - أسود ✨

صُمم صندل مارماريس بأحزمة أمامية معدنية متقاطعة مع حزام كاحل قابل للتعديل يوفر ثباتًا مثالياً. يرتكز على كعب مربع منخفض مريح يناسب الارتداء طوال اليوم. ويكتمل بقفل بمشبك يحمل شعار مزدوج مع تعليقة قرص ذهبية مزينة بشعار العلامة، ليمنحك لمسة فاخرة تناسب إطلالات الصيف والمناسبات.

▫️ السعر: 170 ر.س
▫️ للطلب والاستفسار: تواصلوا معنا عبر الرسائل الخاصة (DM) 📩

#حقائب_نسائية #شنط #أناقة #NorahAlZahrani #موضة","https://d1q03ajwgi7cv2.cloudfront.net/media/catalog/product//cache/7979606d890c211479dc7a080f45fccc/d/u/du-wfjordin-1177500620034484_front_1.jpg, https://d1q03ajwgi7cv2.cloudfront.net/media/catalog/product//d/u/du-wfjordin-1177500620034484_front.jpg, https://d1q03ajwgi7cv2.cloudfront.net/media/catalog/product//d/u/du-wfjordin-1177500620034484_back_1.jpg, https://d1q03ajwgi7cv2.cloudfront.net/media/catalog/product//d/u/du-wfjordin-1177500620034484_back.jpg, https://d1q03ajwgi7cv2.cloudfront.net/media/catalog/product//d/u/du-wfjordin-1177500620034484_side_1.jpg, https://d1q03ajwgi7cv2.cloudfront.net/media/catalog/product//d/u/du-wfjordin-1177500620034484_side.jpg, https://d1q03ajwgi7cv2.cloudfront.net/media/catalog/product//d/u/du-wfjordin-1177500620034484_top_1.jpg, https://d1q03ajwgi7cv2.cloudfront.net/media/catalog/product//d/u/du-wfjordin-1177500620034484_top.jpg",
2026-10-21 21:45,"مايلي - ذهبي ✨

ارتقي بإطلالات المساء مع هذا الصندل بكعب بلاتفورم مزين بتفاصيل زهرية دقيقة تمنحك لمسة فاخرة. يتم تثبيته بحزام كاحل قابل للتعديل لملاءمة مثالية، ويأتي بتصميم معدني لافت مع بكلة مرصعة بالكريستال تضيف بريقًا ساحرًا لكل خطوة.

▫️ السعر: 350 ر.س
▫️ للطلب والاستفسار: تواصلوا معنا عبر الرسائل الخاصة (DM) 📩

#حقائب_نسائية #شنط #أناقة #NorahAlZahrani #موضة","https://d1q03ajwgi7cv2.cloudfront.net/media/catalog/product//cache/7979606d890c211479dc7a080f45fccc/d/u/du-maile-0087503940115516_front_1.jpg, https://d1q03ajwgi7cv2.cloudfront.net/media/catalog/product//d/u/du-maile-0087503940115516_front.jpg, https://d1q03ajwgi7cv2.cloudfront.net/media/catalog/product//d/u/du-maile-0087503940115516_back_1.jpg, https://d1q03ajwgi7cv2.cloudfront.net/media/catalog/product//d/u/du-maile-0087503940115516_back.jpg, https://d1q03ajwgi7cv2.cloudfront.net/media/catalog/product//d/u/du-maile-0087503940115516_side_1.jpg, https://d1q03ajwgi7cv2.cloudfront.net/media/catalog/product//d/u/du-maile-0087503940115516_side.jpg, https://d1q03ajwgi7cv2.cloudfront.net/media/catalog/product//d/u/du-maile-0087503940115516_top_1.jpg, https://d1q03ajwgi7cv2.cloudfront.net/media/catalog/product//d/u/du-maile-0087503940115516_top.jpg",
2026-10-22 16:30,"كونيكشن - أسود ✨

بتصميم أنيق وراقٍ، يتميز هذا الحذاء الجلد بحزام خلفي ومقدمة مدببة مع حزام كاحل قابل للتعديل يمنحك ثباتًا مثاليًا. كما يوفر الكعب المتوسط راحة طوال اليوم، بينما يضيف مزيج الجلد الأسود والجملي لمسة عصرية متعددة الاستخدامات تناسب كل الإطلالات.

▫️ السعر: 250 ر.س
▫️ للطلب والاستفسار: تواصلوا معنا عبر الرسائل الخاصة (DM) 📩

#حقائب_نسائية #شنط #أناقة #NorahAlZahrani #موضة","https://d1q03ajwgi7cv2.cloudfront.net/media/catalog/product//cache/7979606d890c211479dc7a080f45fccc/d/u/du-connection-0095504510028484_front_3.jpg, https://d1q03ajwgi7cv2.cloudfront.net/media/catalog/product//d/u/du-connection-0095504510028484_front_1.jpg, https://d1q03ajwgi7cv2.cloudfront.net/media/catalog/product//d/u/du-connection-0095504510028484_back_3.jpg, https://d1q03ajwgi7cv2.cloudfront.net/media/catalog/product//d/u/du-connection-0095504510028484_back_1.jpg, https://d1q03ajwgi7cv2.cloudfront.net/media/catalog/product//d/u/du-connection-0095504510028484_side_3.jpg, https://d1q03ajwgi7cv2.cloudfront.net/media/catalog/product//d/u/du-connection-0095504510028484_side_1.jpg, https://d1q03ajwgi7cv2.cloudfront.net/media/catalog/product//d/u/du-connection-0095504510028484_top_3.jpg, https://d1q03ajwgi7cv2.cloudfront.net/media/catalog/product//d/u/du-connection-0095504510028484_top_1.jpg",
2026-10-22 19:15,"ميجارا – فضي ✨

تقدم صندل ميغارا خياراً أساسياً لمن تبحث عن حذاء يجمع بين الأناقة والراحة. يتميز بكعب قصير وتصميم سليب اون لسهولة ارتدائه، بينما يأتي الجزء العلوي من جلد عالي الجودة مع نعل جلدي متين لضمان استخدامٍ أطول وراحة عملياً طوال اليوم. يعد هذا الصندل مناسباً للإطلالات اليومية ويضيف لمسةً أنيقةً لأي لباس.

▫️ السعر: 250 ر.س
▫️ للطلب والاستفسار: تواصلوا معنا عبر الرسائل الخاصة (DM) 📩

#حقائب_نسائية #شنط #أناقة #NorahAlZahrani #موضة","https://d1q03ajwgi7cv2.cloudfront.net/media/catalog/product//cache/7979606d890c211479dc7a080f45fccc/d/u/du-megara-0087503940116515_front_3.jpg, https://d1q03ajwgi7cv2.cloudfront.net/media/catalog/product//d/u/du-megara-0087503940116515_back_3.jpg, https://d1q03ajwgi7cv2.cloudfront.net/media/catalog/product//d/u/du-megara-0087503940116515_side_3.jpg, https://d1q03ajwgi7cv2.cloudfront.net/media/catalog/product//d/u/du-megara-0087503940116515_top_3.jpg",
2026-10-22 21:45,"تشانيل – عاجي ✨

أضيفي لمسة من الجاذبية إلى إطلالات المناسبات مع حذاء تشانل النسائي الأنيق. يأتي بكعب رفيع مع حزام كاحل مزدوج مزين بمشبك لامع مرصع يمنحك ثباتًا وأناقة لافتة. صُمم ببطانة داخلية ناعمة لراحة إضافية، ليكون حذاء تشانل نقطة التركيز الأساسية في إطلالتك.

▫️ السعر: 250 ر.س
▫️ للطلب والاستفسار: تواصلوا معنا عبر الرسائل الخاصة (DM) 📩

#حقائب_نسائية #شنط #أناقة #NorahAlZahrani #موضة","https://d1q03ajwgi7cv2.cloudfront.net/media/catalog/product//cache/7979606d890c211479dc7a080f45fccc/d/u/du-channel-0095503940066392_front_4.jpg, https://d1q03ajwgi7cv2.cloudfront.net/media/catalog/product//d/u/du-channel-0095503940066392_back_3.jpg, https://d1q03ajwgi7cv2.cloudfront.net/media/catalog/product//d/u/du-channel-0095503940066392_front_3.jpg, https://d1q03ajwgi7cv2.cloudfront.net/media/catalog/product//d/u/du-channel-0095503940066392_front_2.jpg, https://d1q03ajwgi7cv2.cloudfront.net/media/catalog/product//d/u/du-channel-0095503940066392_front.jpg, https://d1q03ajwgi7cv2.cloudfront.net/media/catalog/product//d/u/du-channel-0095503940066392_back_1.jpg, https://d1q03ajwgi7cv2.cloudfront.net/media/catalog/product//d/u/du-channel-0095503940066392_back.jpg, https://d1q03ajwgi7cv2.cloudfront.net/media/catalog/product//d/u/du-channel-0095503940066392_front_1.jpg, https://d1q03ajwgi7cv2.cloudfront.net/media/catalog/product//d/u/du-channel-0095503940066392_back_2.jpg, https://d1q03ajwgi7cv2.cloudfront.net/media/catalog/product//d/u/du-channel-0095503940066392_model.jpg, https://d1q03ajwgi7cv2.cloudfront.net/media/catalog/product//d/u/du-channel-0095503940066392_side.jpg, https://d1q03ajwgi7cv2.cloudfront.net/media/catalog/product//d/u/du-channel-0095503940066392_model_2.jpg, https://d1q03ajwgi7cv2.cloudfront.net/media/catalog/product//d/u/du-channel-0095503940066392_model_4.jpg, https://d1q03ajwgi7cv2.cloudfront.net/media/catalog/product//d/u/du-channel-0095503940066392_model_3.jpg, https://d1q03ajwgi7cv2.cloudfront.net/media/catalog/product//d/u/du-channel-0095503940066392_model_1.jpg, https://d1q03ajwgi7cv2.cloudfront.net/media/catalog/product//d/u/du-channel-0095503940066392_top.jpg, https://d1q03ajwgi7cv2.cloudfront.net/media/catalog/product//d/u/du-channel-0095503940066392_side_1.jpg, https://d1q03ajwgi7cv2.cloudfront.net/media/catalog/product//d/u/du-channel-0095503940066392_side_3.jpg, https://d1q03ajwgi7cv2.cloudfront.net/media/catalog/product//d/u/du-channel-0095503940066392_side_2.jpg, https://d1q03ajwgi7cv2.cloudfront.net/media/catalog/product//d/u/du-channel-0095503940066392_side_4.jpg, https://d1q03ajwgi7cv2.cloudfront.net/media/catalog/product//d/u/du-channel-0095503940066392_top_4.jpg, https://d1q03ajwgi7cv2.cloudfront.net/media/catalog/product//d/u/du-channel-0095503940066392_top_1.jpg, https://d1q03ajwgi7cv2.cloudfront.net/media/catalog/product//d/u/du-channel-0095503940066392_top_2.jpg, https://d1q03ajwgi7cv2.cloudfront.net/media/catalog/product//d/u/du-channel-0095503940066392_top_3.jpg",
2026-10-23 16:30,"غريك – أسود ✨

حذاء غريك يجمع بين الأناقة والراحة بأسلوب عملي، بتصميم مرن من الخلف ومقدمة دائرية كلاسيكية. يزينه شعار الماركة على تفصيلة بنس تقليدية، ويتوفر بألوان مختارة تناسب الإطلالات الذكية الكاجوال لمختلف المناسبات.

▫️ السعر: 250 ر.س
▫️ للطلب والاستفسار: تواصلوا معنا عبر الرسائل الخاصة (DM) 📩

#حقائب_نسائية #شنط #أناقة #NorahAlZahrani #موضة","https://d1q03ajwgi7cv2.cloudfront.net/media/catalog/product//cache/7979606d890c211479dc7a080f45fccc/d/u/du-greek-0076510780035484_front_5.jpg, https://d1q03ajwgi7cv2.cloudfront.net/media/catalog/product//d/u/du-greek-0076510780035484_back_3.jpg, https://d1q03ajwgi7cv2.cloudfront.net/media/catalog/product//d/u/du-greek-0076510780035484_front_4.jpg, https://d1q03ajwgi7cv2.cloudfront.net/media/catalog/product//d/u/du-greek-0076510780035484_back.jpg, https://d1q03ajwgi7cv2.cloudfront.net/media/catalog/product//d/u/du-greek-0076510780035484_front_1.jpg, https://d1q03ajwgi7cv2.cloudfront.net/media/catalog/product//d/u/du-greek-0076510780035484_back_2.jpg, https://d1q03ajwgi7cv2.cloudfront.net/media/catalog/product//d/u/du-greek-0076510780035484_front_2.jpg, https://d1q03ajwgi7cv2.cloudfront.net/media/catalog/product//d/u/du-greek-0076510780035484_front.jpg, https://d1q03ajwgi7cv2.cloudfront.net/media/catalog/product//d/u/du-greek-0076510780035484_front_3.jpg, https://d1q03ajwgi7cv2.cloudfront.net/media/catalog/product//d/u/du-greek-0076510780035484_back_4.jpg, https://d1q03ajwgi7cv2.cloudfront.net/media/catalog/product//d/u/du-greek-0076510780035484_back_1.jpg, https://d1q03ajwgi7cv2.cloudfront.net/media/catalog/product//d/u/du-greek-0076510780035484_model.jpg, https://d1q03ajwgi7cv2.cloudfront.net/media/catalog/product//d/u/du-greek-0076510780035484_model_4.jpg, https://d1q03ajwgi7cv2.cloudfront.net/media/catalog/product//d/u/du-greek-0076510780035484_model_1.jpg, https://d1q03ajwgi7cv2.cloudfront.net/media/catalog/product//d/u/du-greek-0076510780035484_model_3.jpg, https://d1q03ajwgi7cv2.cloudfront.net/media/catalog/product//d/u/du-greek-0076510780035484_model_2.jpg, https://d1q03ajwgi7cv2.cloudfront.net/media/catalog/product//d/u/du-greek-0076510780035484_side.jpg, https://d1q03ajwgi7cv2.cloudfront.net/media/catalog/product//d/u/du-greek-0076510780035484_model_5.jpg, https://d1q03ajwgi7cv2.cloudfront.net/media/catalog/product//d/u/du-greek-0076510780035484_top.jpg, https://d1q03ajwgi7cv2.cloudfront.net/media/catalog/product//d/u/du-greek-0076510780035484_side_4.jpg, https://d1q03ajwgi7cv2.cloudfront.net/media/catalog/product//d/u/du-greek-0076510780035484_side_1.jpg, https://d1q03ajwgi7cv2.cloudfront.net/media/catalog/product//d/u/du-greek-0076510780035484_side_3.jpg, https://d1q03ajwgi7cv2.cloudfront.net/media/catalog/product//d/u/du-greek-0076510780035484_side_5.jpg, https://d1q03ajwgi7cv2.cloudfront.net/media/catalog/product//d/u/du-greek-0076510780035484_side_2.jpg, https://d1q03ajwgi7cv2.cloudfront.net/media/catalog/product//d/u/du-greek-0076510780035484_top_2.jpg, https://d1q03ajwgi7cv2.cloudfront.net/media/catalog/product//d/u/du-greek-0076510780035484_top_1.jpg, https://d1q03ajwgi7cv2.cloudfront.net/media/catalog/product//d/u/du-greek-0076510780035484_top_3.jpg, https://d1q03ajwgi7cv2.cloudfront.net/media/catalog/product//d/u/du-greek-0076510780035484_top_4.jpg, https://d1q03ajwgi7cv2.cloudfront.net/media/catalog/product//d/u/du-greek-0076510780035484_top_5.jpg",
2026-10-23 19:15,"كريدبيليتي - إكرو ✨

بتصميم عصري أنيق، يتميز هذا الحذاء الشمواه الجملي بحزام خلفي وقصة عالية تمنحك مظهرًا جذابًا ومريحًا. كما يضمن حزام الكاحل القابل للتعديل ثباتًا مثالياً، مع كعب صغير مريح يناسب الارتداء طوال اليوم بأناقة سهلة.

▫️ السعر: 270 ر.س
▫️ للطلب والاستفسار: تواصلوا معنا عبر الرسائل الخاصة (DM) 📩

#حقائب_نسائية #شنط #أناقة #NorahAlZahrani #موضة","https://d1q03ajwgi7cv2.cloudfront.net/media/catalog/product//cache/7979606d890c211479dc7a080f45fccc/d/u/du-crediblity-0095510780004736_front_1.jpg, https://d1q03ajwgi7cv2.cloudfront.net/media/catalog/product//d/u/du-crediblity-0095510780004736_front.jpg, https://d1q03ajwgi7cv2.cloudfront.net/media/catalog/product//d/u/du-crediblity-0095510780004736_back_1.jpg, https://d1q03ajwgi7cv2.cloudfront.net/media/catalog/product//d/u/du-crediblity-0095510780004736_back.jpg, https://d1q03ajwgi7cv2.cloudfront.net/media/catalog/product//d/u/du-crediblity-0095510780004736_side_1.jpg, https://d1q03ajwgi7cv2.cloudfront.net/media/catalog/product//d/u/du-crediblity-0095510780004736_side.jpg, https://d1q03ajwgi7cv2.cloudfront.net/media/catalog/product//d/u/du-crediblity-0095510780004736_top_1.jpg, https://d1q03ajwgi7cv2.cloudfront.net/media/catalog/product//d/u/du-crediblity-0095510780004736_top.jpg",
2026-10-23 21:45,"غريك – أبيض ✨

حذاء غريك يجمع بين الأناقة والراحة بأسلوب عملي، بتصميم مرن من الخلف ومقدمة دائرية كلاسيكية. يزينه شعار الماركة على تفصيلة بنس تقليدية، ويتوفر بألوان مختارة تناسب الإطلالات الذكية الكاجوال لمختلف المناسبات.

▫️ السعر: 250 ر.س
▫️ للطلب والاستفسار: تواصلوا معنا عبر الرسائل الخاصة (DM) 📩

#حقائب_نسائية #شنط #أناقة #NorahAlZahrani #موضة","https://d1q03ajwgi7cv2.cloudfront.net/media/catalog/product//cache/7979606d890c211479dc7a080f45fccc/d/u/du-greek-0076510780035736_front_5.jpg, https://d1q03ajwgi7cv2.cloudfront.net/media/catalog/product//d/u/du-greek-0076510780035736_back_3.jpg, https://d1q03ajwgi7cv2.cloudfront.net/media/catalog/product//d/u/du-greek-0076510780035736_front_4.jpg, https://d1q03ajwgi7cv2.cloudfront.net/media/catalog/product//d/u/du-greek-0076510780035736_back.jpg, https://d1q03ajwgi7cv2.cloudfront.net/media/catalog/product//d/u/du-greek-0076510780035736_front_1.jpg, https://d1q03ajwgi7cv2.cloudfront.net/media/catalog/product//d/u/du-greek-0076510780035736_back_2.jpg, https://d1q03ajwgi7cv2.cloudfront.net/media/catalog/product//d/u/du-greek-0076510780035736_front_2.jpg, https://d1q03ajwgi7cv2.cloudfront.net/media/catalog/product//d/u/du-greek-0076510780035736_front.jpg, https://d1q03ajwgi7cv2.cloudfront.net/media/catalog/product//d/u/du-greek-0076510780035736_front_3.jpg, https://d1q03ajwgi7cv2.cloudfront.net/media/catalog/product//d/u/du-greek-0076510780035736_back_4.jpg, https://d1q03ajwgi7cv2.cloudfront.net/media/catalog/product//d/u/du-greek-0076510780035736_back_1.jpg, https://d1q03ajwgi7cv2.cloudfront.net/media/catalog/product//d/u/du-greek-0076510780035736_model.jpg, https://d1q03ajwgi7cv2.cloudfront.net/media/catalog/product//d/u/du-greek-0076510780035736_model_4.jpg, https://d1q03ajwgi7cv2.cloudfront.net/media/catalog/product//d/u/du-greek-0076510780035736_model_1.jpg, https://d1q03ajwgi7cv2.cloudfront.net/media/catalog/product//d/u/du-greek-0076510780035736_model_3.jpg, https://d1q03ajwgi7cv2.cloudfront.net/media/catalog/product//d/u/du-greek-0076510780035736_model_2.jpg, https://d1q03ajwgi7cv2.cloudfront.net/media/catalog/product//d/u/du-greek-0076510780035736_side.jpg, https://d1q03ajwgi7cv2.cloudfront.net/media/catalog/product//d/u/du-greek-0076510780035736_model_5.jpg, https://d1q03ajwgi7cv2.cloudfront.net/media/catalog/product//d/u/du-greek-0076510780035736_top.jpg, https://d1q03ajwgi7cv2.cloudfront.net/media/catalog/product//d/u/du-greek-0076510780035736_side_4.jpg, https://d1q03ajwgi7cv2.cloudfront.net/media/catalog/product//d/u/du-greek-0076510780035736_side_1.jpg, https://d1q03ajwgi7cv2.cloudfront.net/media/catalog/product//d/u/du-greek-0076510780035736_side_3.jpg, https://d1q03ajwgi7cv2.cloudfront.net/media/catalog/product//d/u/du-greek-0076510780035736_side_5.jpg, https://d1q03ajwgi7cv2.cloudfront.net/media/catalog/product//d/u/du-greek-0076510780035736_side_2.jpg, https://d1q03ajwgi7cv2.cloudfront.net/media/catalog/product//d/u/du-greek-0076510780035736_top_2.jpg, https://d1q03ajwgi7cv2.cloudfront.net/media/catalog/product//d/u/du-greek-0076510780035736_top_1.jpg, https://d1q03ajwgi7cv2.cloudfront.net/media/catalog/product//d/u/du-greek-0076510780035736_top_3.jpg, https://d1q03ajwgi7cv2.cloudfront.net/media/catalog/product//d/u/du-greek-0076510780035736_top_4.jpg, https://d1q03ajwgi7cv2.cloudfront.net/media/catalog/product//d/u/du-greek-0076510780035736_top_5.jpg",
2026-10-24 16:30,"كايرو - ذهبي ✨

تميزي بإطلالة ملفتة مع صندل ويدجز ميغا المصنوع من الرافيا. يأتي بتصميم جزئين مع مقدمة بقفص أنيق وحزام كاحل يوفر ثباتًا مثالياً. نسقيه مع فستان ماكسي برقبة هالتر وقلادة بارزة بطابع قبلي للحصول على إطلالة صيفية جريئة وعصرية.

▫️ السعر: 250 ر.س
▫️ للطلب والاستفسار: تواصلوا معنا عبر الرسائل الخاصة (DM) 📩

#حقائب_نسائية #شنط #أناقة #NorahAlZahrani #موضة","https://d1q03ajwgi7cv2.cloudfront.net/media/catalog/product//cache/7979606d890c211479dc7a080f45fccc/d/u/du-kyro-0081500620085393_front_1.jpg, https://d1q03ajwgi7cv2.cloudfront.net/media/catalog/product//d/u/du-kyro-0081500620085393_front.jpg, https://d1q03ajwgi7cv2.cloudfront.net/media/catalog/product//d/u/du-kyro-0081500620085393_back_1.jpg, https://d1q03ajwgi7cv2.cloudfront.net/media/catalog/product//d/u/du-kyro-0081500620085393_back.jpg, https://d1q03ajwgi7cv2.cloudfront.net/media/catalog/product//d/u/du-kyro-0081500620085393_side_1.jpg, https://d1q03ajwgi7cv2.cloudfront.net/media/catalog/product//d/u/du-kyro-0081500620085393_side.jpg, https://d1q03ajwgi7cv2.cloudfront.net/media/catalog/product//d/u/du-kyro-0081500620085393_top_1.jpg, https://d1q03ajwgi7cv2.cloudfront.net/media/catalog/product//d/u/du-kyro-0081500620085393_top.jpg",
2026-10-24 19:15,"سيلبرانت – آيفوري ✨

يعد حذاء سيليبريت خياراً سيلبرانت لإطلالات العرائس. مصنوع من الساتان مع مقدمة مدببة انيقة، ويتميز بمشبك رفيع وتفصيلة مرصعة تمنح لمسةً فاخرة. مناسب للعرائس الباحثات عن أسلوباً أنيقاً مع لمعة بسيطة.

▫️ السعر: 400 ر.س
▫️ للطلب والاستفسار: تواصلوا معنا عبر الرسائل الخاصة (DM) 📩

#حقائب_نسائية #شنط #أناقة #NorahAlZahrani #موضة","https://d1q03ajwgi7cv2.cloudfront.net/media/catalog/product//cache/7979606d890c211479dc7a080f45fccc/d/u/du-celebrant-1312503940184513_front_2.jpg, https://d1q03ajwgi7cv2.cloudfront.net/media/catalog/product//d/u/du-celebrant-1312503940184513_back_2.jpg, https://d1q03ajwgi7cv2.cloudfront.net/media/catalog/product//d/u/du-celebrant-1312503940184513_side_2.jpg, https://d1q03ajwgi7cv2.cloudfront.net/media/catalog/product//d/u/du-celebrant-1312503940184513_top_2.jpg",
2026-10-24 21:45,"أزورا – ذهبي ✨

تصميم أنيق وأنثوي مستوحى من الحذاء الكلاسيكي، يتميز حذاء أزورا بمقدمة مدببة ناعمة، وتصميم مفتوح يبرز جمال القدم، مع كعب رفيع يمنحك طولًا وأناقة. حذاء نسائي مثالي للدوام والمناسبات، يجمع بين الأناقة اليومية والفخامة المسائية، ليكون خيارًا عمليًا لكل إطلالة.

▫️ السعر: 350 ر.س
▫️ للطلب والاستفسار: تواصلوا معنا عبر الرسائل الخاصة (DM) 📩

#حقائب_نسائية #شنط #أناقة #NorahAlZahrani #موضة","https://d1q03ajwgi7cv2.cloudfront.net/media/catalog/product//cache/7979606d890c211479dc7a080f45fccc/d/u/du-azura-0084503940008393_front.jpg, https://d1q03ajwgi7cv2.cloudfront.net/media/catalog/product//d/i/di_ss26_ladies_ramadan_azura_chroma_gold_1.jpeg, https://d1q03ajwgi7cv2.cloudfront.net/media/catalog/product//d/u/du-azura-0084503940008393_front_1.jpg, https://d1q03ajwgi7cv2.cloudfront.net/media/catalog/product//d/u/du-azura-0084503940008393_front_2.jpg, https://d1q03ajwgi7cv2.cloudfront.net/media/catalog/product//d/u/du-azura-0084503940008393_front_3.jpg, https://d1q03ajwgi7cv2.cloudfront.net/media/catalog/product//d/u/du-azura-0084503940008393_back.jpg, https://d1q03ajwgi7cv2.cloudfront.net/media/catalog/product//d/u/du-azura-0084503940008393_back_1.jpg, https://d1q03ajwgi7cv2.cloudfront.net/media/catalog/product//d/u/du-azura-0084503940008393_back_2.jpg, https://d1q03ajwgi7cv2.cloudfront.net/media/catalog/product//d/u/du-azura-0084503940008393_back_3.jpg, https://d1q03ajwgi7cv2.cloudfront.net/media/catalog/product//d/u/du-azura-0084503940008393_side.jpg, https://d1q03ajwgi7cv2.cloudfront.net/media/catalog/product//d/u/du-azura-0084503940008393_side_1.jpg, https://d1q03ajwgi7cv2.cloudfront.net/media/catalog/product//d/u/du-azura-0084503940008393_side_2.jpg, https://d1q03ajwgi7cv2.cloudfront.net/media/catalog/product//d/u/du-azura-0084503940008393_side_3.jpg, https://d1q03ajwgi7cv2.cloudfront.net/media/catalog/product//d/u/du-azura-0084503940008393_top.jpg, https://d1q03ajwgi7cv2.cloudfront.net/media/catalog/product//d/u/du-azura-0084503940008393_top_1.jpg, https://d1q03ajwgi7cv2.cloudfront.net/media/catalog/product//d/u/du-azura-0084503940008393_top_2.jpg, https://d1q03ajwgi7cv2.cloudfront.net/media/catalog/product//d/u/du-azura-0084503940008393_top_3.jpg",
2026-10-25 16:30,"أتشيفابل - أبيض ✨

اختاري قطعة أساسية أنيقة مع حذاء كعب بتصميم عملي متعدد الاستخدامات، يتميز بكعب رفيع متباين ومقدمة مدببة راقية. مثالي للعمل أو الإطلالات اليومية، ويمنحك مظهرًا أنيقًا طوال اليوم. مناسب لعشاق أحذية الكعب، أحذية رسمية، وأحذية كاجوال أنيقة.

▫️ السعر: 250 ر.س
▫️ للطلب والاستفسار: تواصلوا معنا عبر الرسائل الخاصة (DM) 📩

#حقائب_نسائية #شنط #أناقة #NorahAlZahrani #موضة","https://d1q03ajwgi7cv2.cloudfront.net/media/catalog/product//cache/7979606d890c211479dc7a080f45fccc/d/u/du-achievable-0085503940049487_front_4.jpg, https://d1q03ajwgi7cv2.cloudfront.net/media/catalog/product//d/u/du-achievable-0085503940049487_front_3.jpg, https://d1q03ajwgi7cv2.cloudfront.net/media/catalog/product//d/u/du-achievable-0085503940049487_front_1.jpg, https://d1q03ajwgi7cv2.cloudfront.net/media/catalog/product//d/u/du-achievable-0085503940049487_front.jpg, https://d1q03ajwgi7cv2.cloudfront.net/media/catalog/product//d/u/du-achievable-0085503940049487_back_1.jpg, https://d1q03ajwgi7cv2.cloudfront.net/media/catalog/product//d/u/du-achievable-0085503940049487_back_3.jpg, https://d1q03ajwgi7cv2.cloudfront.net/media/catalog/product//d/u/du-achievable-0085503940049487_back_4.jpg, https://d1q03ajwgi7cv2.cloudfront.net/media/catalog/product//d/u/du-achievable-0085503940049487_back.jpg, https://d1q03ajwgi7cv2.cloudfront.net/media/catalog/product//d/u/du-achievable-0085503940049487_side.jpg, https://d1q03ajwgi7cv2.cloudfront.net/media/catalog/product//d/u/du-achievable-0085503940049487_side_1.jpg, https://d1q03ajwgi7cv2.cloudfront.net/media/catalog/product//d/u/du-achievable-0085503940049487_model_2.jpg, https://d1q03ajwgi7cv2.cloudfront.net/media/catalog/product//d/u/du-achievable-0085503940049487_model_1.jpg, https://d1q03ajwgi7cv2.cloudfront.net/media/catalog/product//d/u/du-achievable-0085503940049487_side_4.jpg, https://d1q03ajwgi7cv2.cloudfront.net/media/catalog/product//d/u/du-achievable-0085503940049487_top.jpg, https://d1q03ajwgi7cv2.cloudfront.net/media/catalog/product//d/u/du-achievable-0085503940049487_side_3.jpg, https://d1q03ajwgi7cv2.cloudfront.net/media/catalog/product//d/u/du-achievable-0085503940049487_top_1.jpg, https://d1q03ajwgi7cv2.cloudfront.net/media/catalog/product//d/u/du-achievable-0085503940049487_top_4.jpg, https://d1q03ajwgi7cv2.cloudfront.net/media/catalog/product//d/u/du-achievable-0085503940049487_top_3.jpg",
2026-10-25 19:15,"ميوزنغز – آيفوري ✨

يقدم صندل ميوزينغ جمالاً خالداً يناسب يوم الزفاف بأسلوبٍ أنيقاً ورقيق. يتميز بجزء علوي من الميش مزدان باللؤلؤ اللامع لإضفاء طابعٍ رومانسي. توفر الفرشة المبطنة راحةً عملياً طوال اليوم، بينما يمنح الحزام حول الكاحل تثبيتاً افضل. يضيف الكعب الانسيابي ارتفاعاً مناسباً لإطلالةٍ فاخرة، مما يجعله مثالياً للمشي نحو الممر والرقص حتى نهاية السهرة.

▫️ السعر: 500 ر.س
▫️ للطلب والاستفسار: تواصلوا معنا عبر الرسائل الخاصة (DM) 📩

#حقائب_نسائية #شنط #أناقة #NorahAlZahrani #موضة","https://d1q03ajwgi7cv2.cloudfront.net/media/catalog/product//cache/7979606d890c211479dc7a080f45fccc/d/u/du-musings-1312503940192374_front_2.jpg, https://d1q03ajwgi7cv2.cloudfront.net/media/catalog/product//d/u/du-musings-1312503940192374_back_2.jpg, https://d1q03ajwgi7cv2.cloudfront.net/media/catalog/product//d/u/du-musings-1312503940192374_side_2.jpg, https://d1q03ajwgi7cv2.cloudfront.net/media/catalog/product//d/u/du-musings-1312503940192374_top_2.jpg",
2026-10-25 21:45,"أبروف – إكرو ✨

حذاء باليرينا أنيق بتصميم خالد، يتميز بكعب عريض قصير ومقدمة لوزية ناعمة تضيف لمسة كلاسيكية راقية. يزينه شعار مزدوج معدني ذهبي في الواجهة كتوقيع أنيق للعلامة. صُمم ببطانة داخلية مبطنة لتوفير راحة تدوم طوال اليوم دون التنازل عن الأناقة.

▫️ السعر: 270 ر.س
▫️ للطلب والاستفسار: تواصلوا معنا عبر الرسائل الخاصة (DM) 📩

#حقائب_نسائية #شنط #أناقة #NorahAlZahrani #موضة","https://d1q03ajwgi7cv2.cloudfront.net/media/catalog/product//cache/7979606d890c211479dc7a080f45fccc/d/u/du-approve-1137500620003736_front_3.jpg, https://d1q03ajwgi7cv2.cloudfront.net/media/catalog/product//d/u/du-approve-1137500620003736_front_2.jpg, https://d1q03ajwgi7cv2.cloudfront.net/media/catalog/product//d/u/du-approve-1137500620003736_front_1.jpg, https://d1q03ajwgi7cv2.cloudfront.net/media/catalog/product//d/u/du-approve-1137500620003736_front.jpg, https://d1q03ajwgi7cv2.cloudfront.net/media/catalog/product//d/u/du-approve-1137500620003736_back_3.jpg, https://d1q03ajwgi7cv2.cloudfront.net/media/catalog/product//d/u/du-approve-1137500620003736_back_2.jpg, https://d1q03ajwgi7cv2.cloudfront.net/media/catalog/product//d/u/du-approve-1137500620003736_back_1.jpg, https://d1q03ajwgi7cv2.cloudfront.net/media/catalog/product//d/u/du-approve-1137500620003736_back.jpg, https://d1q03ajwgi7cv2.cloudfront.net/media/catalog/product//d/u/du-approve-1137500620003736_side_3.jpg, https://d1q03ajwgi7cv2.cloudfront.net/media/catalog/product//d/u/du-approve-1137500620003736_side_2.jpg, https://d1q03ajwgi7cv2.cloudfront.net/media/catalog/product//d/u/du-approve-1137500620003736_side_1.jpg, https://d1q03ajwgi7cv2.cloudfront.net/media/catalog/product//d/u/du-approve-1137500620003736_side.jpg, https://d1q03ajwgi7cv2.cloudfront.net/media/catalog/product//d/u/du-approve-1137500620003736_top_3.jpg, https://d1q03ajwgi7cv2.cloudfront.net/media/catalog/product//d/u/du-approve-1137500620003736_top_2.jpg, https://d1q03ajwgi7cv2.cloudfront.net/media/catalog/product//d/u/du-approve-1137500620003736_top_1.jpg, https://d1q03ajwgi7cv2.cloudfront.net/media/catalog/product//d/u/du-approve-1137500620003736_top.jpg",
2026-10-26 16:30,"كايا - فضي ✨

أضيفي لمسة عصرية إلى صيحات الموسم مع صندل كايا برباط منسوج على ويدج. يجمع بين تصميم الإسبادريل الكلاسيكي وتفاصيل غير متماثلة عصرية، مع إبزيم جانبي يضمن ثباتًا مريحًا. الخيار المثالي لإطلالة صيفية أنيقة ودافئة.

▫️ السعر: 250 ر.س
▫️ للطلب والاستفسار: تواصلوا معنا عبر الرسائل الخاصة (DM) 📩

#حقائب_نسائية #شنط #أناقة #NorahAlZahrani #موضة","https://d1q03ajwgi7cv2.cloudfront.net/media/catalog/product//cache/7979606d890c211479dc7a080f45fccc/d/u/du-kaiya-0081508730007380_front_1.jpg, https://d1q03ajwgi7cv2.cloudfront.net/media/catalog/product//d/u/du-kaiya-0081508730007380_front.jpg, https://d1q03ajwgi7cv2.cloudfront.net/media/catalog/product//d/u/du-kaiya-0081508730007380_back_1.jpg, https://d1q03ajwgi7cv2.cloudfront.net/media/catalog/product//d/u/du-kaiya-0081508730007380_back.jpg, https://d1q03ajwgi7cv2.cloudfront.net/media/catalog/product//d/u/du-kaiya-0081508730007380_side_1.jpg, https://d1q03ajwgi7cv2.cloudfront.net/media/catalog/product//d/u/du-kaiya-0081508730007380_side.jpg, https://d1q03ajwgi7cv2.cloudfront.net/media/catalog/product//d/u/du-kaiya-0081508730007380_top_1.jpg, https://d1q03ajwgi7cv2.cloudfront.net/media/catalog/product//d/u/du-kaiya-0081508730007380_top.jpg",
2026-10-26 19:15,"شارمنغ – أسود ✨

يقدم هذا الحذاء بالكعب تصميماً يضيف لمسةً ساحرةً الى كل خطوة. يتميز بعقدة مرصعة بالاحجار اللامعة ترتكز على كعب عالي يمنح إطلالةً أنيقاً وبارزةً. كما يمكن تعديل حزام الكاحل بسهولة للحصول على ارتداءٍ عملياً ومناسباً طوال اليوم. يعد هذا الحذاء قطعةً أساسيةً لمن ترغب في إبراز إطلالتها بأسلوبٍ فاخراً.

▫️ السعر: 300 ر.س
▫️ للطلب والاستفسار: تواصلوا معنا عبر الرسائل الخاصة (DM) 📩

#حقائب_نسائية #شنط #أناقة #NorahAlZahrani #موضة","https://d1q03ajwgi7cv2.cloudfront.net/media/catalog/product//cache/7979606d890c211479dc7a080f45fccc/d/u/du-charming-0094503940029802_front_3.jpg, https://d1q03ajwgi7cv2.cloudfront.net/media/catalog/product//d/u/du-charming-0094503940029802_back_3.jpg, https://d1q03ajwgi7cv2.cloudfront.net/media/catalog/product//d/u/du-charming-0094503940029802_side_3.jpg, https://d1q03ajwgi7cv2.cloudfront.net/media/catalog/product//d/u/du-charming-0094503940029802_top_3.jpg",
2026-10-26 21:45,"ميلا – ذهبي ✨

تقدم صندل ميلا إطلالةً أنيقةً بفضل لونه الذهبي اللامع الذي يضيف بريقاً مناسباً لأي اطلالة، سواء في المناسبات الخاصة او تجمعات الصيف. يوفر التصميم راحة عملياً طوال اليوم مع شكل انسيابي يمنح أسلوباً راقياً وسهلاً في التنسيق.

▫️ السعر: 250 ر.س
▫️ للطلب والاستفسار: تواصلوا معنا عبر الرسائل الخاصة (DM) 📩

#حقائب_نسائية #شنط #أناقة #NorahAlZahrani #موضة","https://d1q03ajwgi7cv2.cloudfront.net/media/catalog/product//cache/7979606d890c211479dc7a080f45fccc/d/u/du-mylah-0087503940107393_front_3.jpg, https://d1q03ajwgi7cv2.cloudfront.net/media/catalog/product//d/u/du-mylah-0087503940107393_back_3.jpg, https://d1q03ajwgi7cv2.cloudfront.net/media/catalog/product//d/u/du-mylah-0087503940107393_side_3.jpg, https://d1q03ajwgi7cv2.cloudfront.net/media/catalog/product//d/u/du-mylah-0087503940107393_top_3.jpg",
2026-10-27 16:30,"مالايا – أحمر ✨

ترفع صندل مالايا إطلالتك بأسلوبٍ يعكس حضوراً أكبر ويمنح شكلاً يلفت الانتباه من بعيد. يأتي التصميم بخطوط عصرية تمنحك إطلالةً أنيقةً وتكمل الملابس بسهولة، مما يجعل هذا الصندل خياراً مناسباً لتعزيز أسلوبك اليومي والمناسبات.

▫️ السعر: 320 ر.س
▫️ للطلب والاستفسار: تواصلوا معنا عبر الرسائل الخاصة (DM) 📩

#حقائب_نسائية #شنط #أناقة #NorahAlZahrani #موضة","https://d1q03ajwgi7cv2.cloudfront.net/media/catalog/product//cache/7979606d890c211479dc7a080f45fccc/d/u/du-malaya-0087503940108931_front_4.jpg, https://d1q03ajwgi7cv2.cloudfront.net/media/catalog/product//d/u/du-malaya-0087503940108931_back_4.jpg, https://d1q03ajwgi7cv2.cloudfront.net/media/catalog/product//d/u/du-malaya-0087503940108931_side_4.jpg, https://d1q03ajwgi7cv2.cloudfront.net/media/catalog/product//d/u/du-malaya-0087503940108931_top_4.jpg",
2026-10-27 19:15,"جايللا - رملي ✨

تصميم عصري وسهل الارتداء، صندل جايللا المفتوح هو خيارك اليومي الجديد. مصنوع من جلد فاخر، بتصميم سليب أون بكعب مربع يمنحك الأناقة والراحة في كل خطوة. من ديون لندن.

▫️ السعر: 220 ر.س
▫️ للطلب والاستفسار: تواصلوا معنا عبر الرسائل الخاصة (DM) 📩

#حقائب_نسائية #شنط #أناقة #NorahAlZahrani #موضة","https://d1q03ajwgi7cv2.cloudfront.net/media/catalog/product//cache/7979606d890c211479dc7a080f45fccc/d/u/du-jayyla-0080504510010493_front_1.jpg, https://d1q03ajwgi7cv2.cloudfront.net/media/catalog/product//d/u/du-jayyla-0080504510010493_front.jpg, https://d1q03ajwgi7cv2.cloudfront.net/media/catalog/product//d/u/du-jayyla-0080504510010493_back_1.jpg, https://d1q03ajwgi7cv2.cloudfront.net/media/catalog/product//d/u/du-jayyla-0080504510010493_back.jpg, https://d1q03ajwgi7cv2.cloudfront.net/media/catalog/product//d/u/du-jayyla-0080504510010493_side_1.jpg, https://d1q03ajwgi7cv2.cloudfront.net/media/catalog/product//d/u/du-jayyla-0080504510010493_side.jpg, https://d1q03ajwgi7cv2.cloudfront.net/media/catalog/product//d/u/du-jayyla-0080504510010493_top_1.jpg, https://d1q03ajwgi7cv2.cloudfront.net/media/catalog/product//d/u/du-jayyla-0080504510010493_top.jpg",
2026-10-27 21:45,"هانا - بني ✨

استمتعي بإطلالة أنثوية راقية مع حذاء باليرينا بحزام خلفي وكعب قصير، مزين بحلية معدنية ذهبية وشعار مميز في الأمام. يتميز بتصميم مريح مع حزام مطاطي ومقدمة دائرية أنيقة، مما يجعله مثاليًا للاستخدام اليومي والمناسبات. خيار مثالي لمحبي الأحذية النسائية، أحذية بكعب قصير، أحذية مريحة، وأحذية أنيقة.

▫️ السعر: 250 ر.س
▫️ للطلب والاستفسار: تواصلوا معنا عبر الرسائل الخاصة (DM) 📩

#حقائب_نسائية #شنط #أناقة #NorahAlZahrani #موضة","https://d1q03ajwgi7cv2.cloudfront.net/media/catalog/product//cache/7979606d890c211479dc7a080f45fccc/d/u/du-hanna-0075500620014780_front_2.jpg, https://d1q03ajwgi7cv2.cloudfront.net/media/catalog/product//d/u/du-hanna-0075500620014780_front_1.jpg, https://d1q03ajwgi7cv2.cloudfront.net/media/catalog/product//d/u/du-hanna-0075500620014780_back_2.jpg, https://d1q03ajwgi7cv2.cloudfront.net/media/catalog/product//d/u/du-hanna-0075500620014780_back_1.jpg, https://d1q03ajwgi7cv2.cloudfront.net/media/catalog/product//d/u/du-hanna-0075500620014780_model_1.jpg, https://d1q03ajwgi7cv2.cloudfront.net/media/catalog/product//d/u/du-hanna-0075500620014780_model.jpg, https://d1q03ajwgi7cv2.cloudfront.net/media/catalog/product//d/u/du-hanna-0075500620014780_side_2.jpg, https://d1q03ajwgi7cv2.cloudfront.net/media/catalog/product//d/u/du-hanna-0075500620014780_side_1.jpg, https://d1q03ajwgi7cv2.cloudfront.net/media/catalog/product//d/u/du-hanna-0075500620014780_top_2.jpg, https://d1q03ajwgi7cv2.cloudfront.net/media/catalog/product//d/u/du-hanna-0075500620014780_top_1.jpg, https://d1q03ajwgi7cv2.cloudfront.net/media/catalog/product//d/u/du-hanna-0075500620014780_front.jpg, https://d1q03ajwgi7cv2.cloudfront.net/media/catalog/product//d/u/du-hanna-0075500620014780_back.jpg, https://d1q03ajwgi7cv2.cloudfront.net/media/catalog/product//d/u/du-hanna-0075500620014780_side.jpg, https://d1q03ajwgi7cv2.cloudfront.net/media/catalog/product//d/u/du-hanna-0075500620014780_top.jpg",
2026-10-28 16:30,"منشن - متعدد الألوان ✨

ارتقي بإطلالات الطقس الدافئ مع صندل منشن الأنيق. يرتكز على كعب بلوك جذاب يوفر راحة وسهولة في الارتداء، بينما يتميز التصميم بجزئين مع زخارف زهرية فاخرة تضيف لمسة راقية ترفع من مستوى إطلالات المناسبات. ويكتمل بقفل بكلة جانبية مزينة تمنحك بعدًا أنيقًا وثباتًا إضافيًا، ليجعلك هذا الصندل الخيار المثالي لإطلالة ضيفة أنيقة ومميزة في كل مناسبة.

▫️ السعر: 350 ر.س
▫️ للطلب والاستفسار: تواصلوا معنا عبر الرسائل الخاصة (DM) 📩

#حقائب_نسائية #شنط #أناقة #NorahAlZahrani #موضة","https://d1q03ajwgi7cv2.cloudfront.net/media/catalog/product//cache/7979606d890c211479dc7a080f45fccc/d/u/du-mention-0087503940095003_front_1.jpg, https://d1q03ajwgi7cv2.cloudfront.net/media/catalog/product//d/u/du-mention-0087503940095003_front.jpg, https://d1q03ajwgi7cv2.cloudfront.net/media/catalog/product//d/u/du-mention-0087503940095003_back_1.jpg, https://d1q03ajwgi7cv2.cloudfront.net/media/catalog/product//d/u/du-mention-0087503940095003_back.jpg, https://d1q03ajwgi7cv2.cloudfront.net/media/catalog/product//d/u/du-mention-0087503940095003_side_1.jpg, https://d1q03ajwgi7cv2.cloudfront.net/media/catalog/product//d/u/du-mention-0087503940095003_side.jpg, https://d1q03ajwgi7cv2.cloudfront.net/media/catalog/product//d/u/du-mention-0087503940095003_top_1.jpg, https://d1q03ajwgi7cv2.cloudfront.net/media/catalog/product//d/u/du-mention-0087503940095003_top.jpg",
2026-10-28 19:15,"دزرفد - عنابي ✨

خطّي بخطوات واثقة مع حذاء دزرفد من ديون لندن، إعادة عصرية لتصميم ماري جين الكلاسيكي. مصنوع من جلد لامع باللون الأخضر الجذاب، بتصميم حزام خلفي مع مقدمة مدببة وكعب قصير متسع يمنحك ارتفاعًا أنيقًا دون التنازل عن الراحة. السوار القابل للتعديل والمشابك بشعار العلامة يضيفان لمسة تفصيل راقية مثالية للإطلالات اليومية والمسائية.

▫️ السعر: 270 ر.س
▫️ للطلب والاستفسار: تواصلوا معنا عبر الرسائل الخاصة (DM) 📩

#حقائب_نسائية #شنط #أناقة #NorahAlZahrani #موضة","https://d1q03ajwgi7cv2.cloudfront.net/media/catalog/product//cache/7979606d890c211479dc7a080f45fccc/d/u/du-deserved-0095500620021271_front_1.jpg, https://d1q03ajwgi7cv2.cloudfront.net/media/catalog/product//d/u/du-deserved-0095500620021271_front.jpg, https://d1q03ajwgi7cv2.cloudfront.net/media/catalog/product//d/u/du-deserved-0095500620021271_back_1.jpg, https://d1q03ajwgi7cv2.cloudfront.net/media/catalog/product//d/u/du-deserved-0095500620021271_back.jpg, https://d1q03ajwgi7cv2.cloudfront.net/media/catalog/product//d/u/du-deserved-0095500620021271_side_1.jpg, https://d1q03ajwgi7cv2.cloudfront.net/media/catalog/product//d/u/du-deserved-0095500620021271_side.jpg, https://d1q03ajwgi7cv2.cloudfront.net/media/catalog/product//d/u/du-deserved-0095500620021271_top_1.jpg, https://d1q03ajwgi7cv2.cloudfront.net/media/catalog/product//d/u/du-deserved-0095500620021271_top.jpg",
2026-10-28 21:45,"ميميس - ذهبي ✨

يمنحك هذا الحذاء البيب تو لمسة أنثوية راقية مع فيونكة كبيرة بارزة تضيف مظهرًا أنيقًا وجذابًا. نسقيه مع فستان بطبعة جريئة أو تنورة خفيفة للحصول على إطلالة أنثوية عصرية تناسب النهار والمناسبات.

▫️ السعر: 250 ر.س
▫️ للطلب والاستفسار: تواصلوا معنا عبر الرسائل الخاصة (DM) 📩

#حقائب_نسائية #شنط #أناقة #NorahAlZahrani #موضة","https://d1q03ajwgi7cv2.cloudfront.net/media/catalog/product//cache/7979606d890c211479dc7a080f45fccc/d/u/du-mimis-0088503940133516_front_1.jpg, https://d1q03ajwgi7cv2.cloudfront.net/media/catalog/product//d/u/du-mimis-0088503940133516_front.jpg, https://d1q03ajwgi7cv2.cloudfront.net/media/catalog/product//d/u/du-mimis-0088503940133516_back_1.jpg, https://d1q03ajwgi7cv2.cloudfront.net/media/catalog/product//d/u/du-mimis-0088503940133516_back.jpg, https://d1q03ajwgi7cv2.cloudfront.net/media/catalog/product//d/u/du-mimis-0088503940133516_side_1.jpg, https://d1q03ajwgi7cv2.cloudfront.net/media/catalog/product//d/u/du-mimis-0088503940133516_side.jpg, https://d1q03ajwgi7cv2.cloudfront.net/media/catalog/product//d/u/du-mimis-0088503940133516_top_1.jpg, https://d1q03ajwgi7cv2.cloudfront.net/media/catalog/product//d/u/du-mimis-0088503940133516_top.jpg",
2026-10-29 16:30,"كلاسيكال أسود ✨

جددي إطلالاتك الخاصة مع حذاء ""كلاسيكال"" بكعب ستيلتو متوسط ، تصميم أنيق يلفت الأنظار في أي مناسبة. يتميز بحزام خلفي مطاطي لمزيد من الراحة، ومقدمة مدببة تمنحك مظهرًا متجددًا على الفور.

▫️ السعر: 220 ر.س
▫️ للطلب والاستفسار: تواصلوا معنا عبر الرسائل الخاصة (DM) 📩

#حقائب_نسائية #شنط #أناقة #NorahAlZahrani #موضة","https://d1q03ajwgi7cv2.cloudfront.net/media/catalog/product//cache/7979606d890c211479dc7a080f45fccc/d/u/du-classical-0094503940261038_front.jpg, https://d1q03ajwgi7cv2.cloudfront.net/media/catalog/product//d/u/du-classical-0094503940261038_back.jpg, https://d1q03ajwgi7cv2.cloudfront.net/media/catalog/product//d/u/du-classical-0094503940261038_top.jpg",
2026-10-29 19:15,"ميلانا - ذهبي ✨

ارتقي بإطلالات المناسبات مع هذا الصندل بكعب فاخر مزين بأحزمة مرصعة بالكريستال اللامع تعكس الفخامة والرقي. يوفر الحزام الخلفي تصميمًا أنيقًا مع ملاءمة مريحة وثبات آمن، ليحافظ على مظهر شيك وانسيابي يناسب السهرات والحفلات.

▫️ السعر: 250 ر.س
▫️ للطلب والاستفسار: تواصلوا معنا عبر الرسائل الخاصة (DM) 📩

#حقائب_نسائية #شنط #أناقة #NorahAlZahrani #موضة","https://d1q03ajwgi7cv2.cloudfront.net/media/catalog/product//cache/7979606d890c211479dc7a080f45fccc/d/u/du-milana-0087503940106393_front_1.jpg, https://d1q03ajwgi7cv2.cloudfront.net/media/catalog/product//d/u/du-milana-0087503940106393_front.jpg, https://d1q03ajwgi7cv2.cloudfront.net/media/catalog/product//d/u/du-milana-0087503940106393_back_1.jpg, https://d1q03ajwgi7cv2.cloudfront.net/media/catalog/product//d/u/du-milana-0087503940106393_back.jpg, https://d1q03ajwgi7cv2.cloudfront.net/media/catalog/product//d/u/du-milana-0087503940106393_side_1.jpg, https://d1q03ajwgi7cv2.cloudfront.net/media/catalog/product//d/u/du-milana-0087503940106393_side.jpg, https://d1q03ajwgi7cv2.cloudfront.net/media/catalog/product//d/u/du-milana-0087503940106393_top_1.jpg, https://d1q03ajwgi7cv2.cloudfront.net/media/catalog/product//d/u/du-milana-0087503940106393_top.jpg",
2026-10-29 21:45,"كايدن – أسود ✨

يكمل هذا الحذاء بإربطة إطلالاتك المسائية بأسلوبٍ راقٍ وعملياً. يتميز بكعب متوسط نحيف وظهر مغلق ومقدمة مدببة تضيف شكلاً أنيقاً. يمكنك تنسيقه مع فستان اسود لافت للحصول على إطلالةٍ مناسبةٍ للسهرات والمناسبات الراقية.

▫️ السعر: 350 ر.س
▫️ للطلب والاستفسار: تواصلوا معنا عبر الرسائل الخاصة (DM) 📩

#حقائب_نسائية #شنط #أناقة #NorahAlZahrani #موضة","https://d1q03ajwgi7cv2.cloudfront.net/media/catalog/product//cache/7979606d890c211479dc7a080f45fccc/d/u/du-caden-0095503940029786_front_3.jpg, https://d1q03ajwgi7cv2.cloudfront.net/media/catalog/product//d/u/du-caden-0095503940029786_back_3.jpg, https://d1q03ajwgi7cv2.cloudfront.net/media/catalog/product//d/u/du-caden-0095503940029786_side_3.jpg, https://d1q03ajwgi7cv2.cloudfront.net/media/catalog/product//d/u/du-caden-0095503940029786_top_3.jpg",
2026-10-30 16:30,"كومبيتتف-أسود ✨

حذاء كورت بمقدمة مزخرفة غير متماثلة, بتصميم أنيق للغاية يميزك عن الجميع, قطع مميزة بكونها عصرية سهلة التنسيق تقدمها ديون لندن, العلامة التجارية المشهورة بجودة تصاميمها وخاماتها ذات الجودة العالية

▫️ السعر: 300 ر.س
▫️ للطلب والاستفسار: تواصلوا معنا عبر الرسائل الخاصة (DM) 📩

#حقائب_نسائية #شنط #أناقة #NorahAlZahrani #موضة","https://d1q03ajwgi7cv2.cloudfront.net/media/catalog/product//cache/7979606d890c211479dc7a080f45fccc/d/u/du-competitive-0093503940067028_front.jpg, https://d1q03ajwgi7cv2.cloudfront.net/media/catalog/product//d/u/du-competitive-0093503940067028_back.jpg, https://d1q03ajwgi7cv2.cloudfront.net/media/catalog/product//d/u/du-competitive-0093503940067028_side.jpg, https://d1q03ajwgi7cv2.cloudfront.net/media/catalog/product//d/u/du-competitive-0093503940067028_top.jpg",
2026-10-30 19:15,"ماي – أسود ✨

تقدم صندل ماي من ديون لندن إطلالةً تجمع بين البساطة والاناقة بسهولة. يتم تصميمها بأسلوبٍ يمنح مرونةً أكبر في التنسيق، حيث تنتقل عملياً من اطلالات النهار الى اطلالات المساء دون جهد. يعد هذا الصندل إضافةً أساسيةً لأي خزانة تبحث عن أسلوباً أنيقاً ومناسباً لمختلف المناسبات.

▫️ السعر: 300 ر.س
▫️ للطلب والاستفسار: تواصلوا معنا عبر الرسائل الخاصة (DM) 📩

#حقائب_نسائية #شنط #أناقة #NorahAlZahrani #موضة","https://d1q03ajwgi7cv2.cloudfront.net/media/catalog/product//cache/7979606d890c211479dc7a080f45fccc/d/u/du-maye-0087503940028039_front_3.jpg, https://d1q03ajwgi7cv2.cloudfront.net/media/catalog/product//d/u/du-maye-0087503940028039_back_3.jpg, https://d1q03ajwgi7cv2.cloudfront.net/media/catalog/product//d/u/du-maye-0087503940028039_side_3.jpg, https://d1q03ajwgi7cv2.cloudfront.net/media/catalog/product//d/u/du-maye-0087503940028039_top_3.jpg",
2026-10-30 21:45,"ناتالي - بني فاتح ✨

يقدم هذا الصندل الفلات مظهرًا عصريًا وأنيقًا. النعل الفلات يضمن الراحة طوال اليوم، مما يجعله خيارًا مثاليًا للمناسبات أو الأحداث التي تحتاج إلى إطلالة أنيقة ومريحة في الوقت ذاته. بفضل تصميمه المتعدد الاستخدامات، يتناسب بسهولة مع مجموعة متنوعة من الإطلالات، مضيفًا لمسة من الأناقة دون المساومة على الراحة.

▫️ السعر: 140 ر.س
▫️ للطلب والاستفسار: تواصلوا معنا عبر الرسائل الخاصة (DM) 📩

#حقائب_نسائية #شنط #أناقة #NorahAlZahrani #موضة","https://d1q03ajwgi7cv2.cloudfront.net/media/catalog/product//cache/7979606d890c211479dc7a080f45fccc/d/u/du-nataly-0086503940002603_front.jpg, https://d1q03ajwgi7cv2.cloudfront.net/media/catalog/product//d/u/du-nataly-0086503940002603_back.jpg, https://d1q03ajwgi7cv2.cloudfront.net/media/catalog/product//d/u/du-nataly-0086503940002603_side.jpg, https://d1q03ajwgi7cv2.cloudfront.net/media/catalog/product//d/u/du-nataly-0086503940002603_top.jpg",
